,date,open,high,low,close,volume,amount,outstanding_share,turnover
0,2022-04-06,1898.68,2007.94,1897.46,1989.73,248854005.0,4064051492.0,19405521950.0,0.012823875886523114
1,2022-04-07,1988.51,2022.5,1966.66,1976.37,165906455.0,2724002905.0,19405521950.0,0.008549445638590515
2,2022-04-08,1973.94,1997.01,1958.16,1990.94,106677946.0,1741072072.0,19405521950.0,0.005497298463543775
3,2022-04-11,1984.87,1990.94,1918.1,1948.45,141673536.0,2277469056.0,19405521950.0,0.0073006815464708484
4,2022-04-12,1948.45,1973.94,1901.1,1932.67,103926142.0,1654820083.0,19405521950.0,0.005355493259484319
5,2022-04-13,1929.03,1952.09,1908.39,1918.1,89062806.0,1415496126.0,19405521950.0,0.004589559931934735
6,2022-04-14,1942.38,1972.73,1932.67,1947.24,92961494.0,1493343952.0,19405521950.0,0.004790466045671088
7,2022-04-15,1930.24,2006.72,1925.38,1993.37,123176103.0,2014010094.0,19405521950.0,0.006347476935553388
8,2022-04-18,1960.59,1966.66,1919.31,1930.24,108688756.0,1734236524.0,19405521950.0,0.005600918969355524
9,2022-04-19,1930.24,1938.74,1896.25,1919.31,82177249.0,1294226951.0,19405521950.0,0.004234735309451442
10,2022-04-20,1919.31,1948.45,1905.96,1924.17,71655528.0,1137697847.0,19405521950.0,0.003692532887526893
11,2022-04-21,1914.46,1939.95,1905.96,1919.31,70989116.0,1124663651.0,19405521950.0,0.0036581915283139294
12,2022-04-22,1898.68,1965.45,1869.54,1949.66,92127408.0,1468452958.0,19405521950.0,0.0047474841561785455
13,2022-04-25,1902.32,1931.45,1794.27,1802.77,166448098.0,2527610217.0,19405521950.0,0.008577357436139459
14,2022-04-26,1806.41,1818.55,1754.21,1788.2,98820956.0,1456929632.0,19405521950.0,0.005092414223880229
15,2022-04-27,1818.55,1899.89,1816.13,1899.89,149029503.0,2296798759.0,19405521950.0,0.007679747207211811
16,2022-04-28,1890.18,1933.88,1865.9,1899.89,91177187.0,1426381926.0,19405521950.0,0.004698517629926465
17,2022-04-29,1904.75,1910.82,1817.34,1859.83,164501308.0,2503476828.0,19405521950.0,0.00847703599129422
18,2022-05-05,1845.26,1875.61,1839.19,1859.83,79019620.0,1208735142.0,19405521950.0,0.004072017243524851
19,2022-05-06,1823.41,1845.26,1810.06,1816.13,83243182.0,1250995595.0,19405521950.0,0.004289664674543835
20,2022-05-09,1813.7,1813.7,1755.43,1766.35,81862135.0,1197104247.0,19405521950.0,0.004218496941794447
21,2022-05-10,1760.28,1772.42,1712.94,1771.21,99228502.0,1425836927.0,19405521950.0,0.005113415771844261
22,2022-05-11,1765.14,1801.56,1753.0,1776.06,84857362.0,1240700426.0,19405521950.0,0.004372846152690059
23,2022-05-12,1757.85,1767.57,1739.64,1745.71,68506423.0,987061607.0,19405521950.0,0.0035302540780151495
24,2022-05-13,1760.28,1779.71,1759.07,1773.64,67631191.0,985962932.0,19405521950.0,0.003485151864209455
25,2022-05-16,1779.71,1788.2,1742.07,1749.36,66822782.0,965652298.0,19405521950.0,0.003443493154792469
26,2022-05-17,1761.5,1786.99,1738.43,1785.78,93140639.0,1357428407.0,19405521950.0,0.004799697696355959
27,2022-05-18,1802.77,1807.63,1780.92,1790.63,77857833.0,1150500438.0,19405521950.0,0.004012148356566107
28,2022-05-19,1766.35,1784.56,1760.28,1774.85,59092172.0,863214131.0,19405521950.0,0.003045121494400206
29,2022-05-20,1784.56,1825.84,1780.92,1823.41,94859778.0,1415164711.0,19405521950.0,0.004888287892714991
30,2022-05-23,1829.48,1829.48,1791.85,1800.34,64772592.0,962683729.0,19405521950.0,0.0033378433296920415
31,2022-05-24,1805.2,1805.2,1748.14,1748.14,93355706.0,1358693535.0,19405521950.0,0.00481078046962813
32,2022-05-25,1751.78,1759.07,1736.0,1746.93,60322826.0,866228924.0,19405521950.0,0.003108539216591389
33,2022-05-26,1749.36,1751.78,1708.08,1722.65,101131756.0,1435689342.0,19405521950.0,0.005211493731556136
34,2022-05-27,1734.79,1742.07,1712.94,1721.43,72306674.0,1029702186.0,19405521950.0,0.003726087563442219
35,2022-05-30,1731.15,1733.57,1704.44,1709.29,89690123.0,1265573048.0,19405521950.0,0.0046218866584003425
36,2022-05-31,1708.08,1721.43,1699.58,1719.01,93886855.0,1325012048.0,19405521950.0,0.00483815149326607
37,2022-06-01,1716.58,1716.58,1699.58,1709.29,84529898.0,1187423732.0,19405521950.0,0.00435597136824243
38,2022-06-02,1702.01,1703.22,1685.02,1693.51,97926822.0,1363740798.0,19405521950.0,0.005046337957428659
39,2022-06-06,1688.66,1720.22,1655.88,1720.22,171085175.0,2370807610.0,19405521950.0,0.00881631400798266
40,2022-06-07,1702.01,1729.93,1698.37,1719.01,131511262.0,1860366716.0,19405521950.0,0.006777002048120638
41,2022-06-08,1719.01,1720.22,1700.8,1719.01,114552124.0,1613524958.0,19405521950.0,0.005903068430478367
42,2022-06-09,1716.58,1755.43,1711.72,1742.07,163290134.0,2339986708.0,19405521950.0,0.00841462210708535
43,2022-06-10,1731.15,1739.64,1715.36,1738.43,134601231.0,1914639698.0,19405521950.0,0.006936233477605584
44,2022-06-13,1721.43,1722.65,1685.02,1688.66,154775285.0,2163340109.0,19405521950.0,0.007975837259043682
45,2022-06-14,1664.38,1715.36,1664.38,1714.15,115142939.0,1602169898.0,19405521950.0,0.00593351414595679
46,2022-06-15,1711.72,1834.34,1706.87,1789.42,341354371.0,5010292727.0,19405521950.0,0.017590579211398123
47,2022-06-16,1789.42,1800.34,1750.57,1753.0,133254631.0,1939976255.0,19405521950.0,0.006866840858150688
48,2022-06-17,1738.43,1763.92,1723.86,1754.21,105378794.0,1513925914.0,19405521950.0,0.005430350921326287
49,2022-06-20,1753.0,1753.0,1731.15,1740.86,103216680.0,1479529787.0,19405521950.0,0.005318933459555825
50,2022-06-21,1740.86,1776.06,1727.5,1744.5,132179398.0,1905346057.0,19405521950.0,0.006811432248025671
51,2022-06-22,1743.29,1743.29,1709.29,1709.29,105604592.0,1498415784.0,19405521950.0,0.005441986681528038
52,2022-06-23,1710.51,1727.5,1706.87,1723.86,80602803.0,1140899092.0,19405521950.0,0.00415360139282417
53,2022-06-24,1723.86,1729.93,1712.94,1727.5,86604061.0,1227798687.0,19405521950.0,0.004462856563360822
54,2022-06-27,1728.72,1767.57,1726.29,1759.07,149727818.0,2166380438.0,19405521950.0,0.007715732583013568
55,2022-06-28,1756.64,1780.92,1749.36,1776.06,112511048.0,1638673242.0,19405521950.0,0.005797888265509911
56,2022-06-29,1778.49,1808.84,1766.35,1777.28,126654728.0,1865064678.0,19405521950.0,0.0065267364787371775
57,2022-06-30,1776.06,1823.41,1766.35,1818.55,154874501.0,2304888692.0,19405546950.0,0.007980939748776316
58,2022-07-01,1820.98,1829.48,1801.56,1811.27,77924332.0,1164030776.0,19405546950.0,0.004015569991445153
59,2022-07-04,1814.91,1818.55,1790.63,1813.7,83496807.0,1241453402.0,19405546950.0,0.004302728864851706
60,2022-07-05,1819.77,1853.76,1799.13,1810.06,111517210.0,1674719025.0,19405546950.0,0.005746666676663808
61,2022-07-06,1800.34,1812.48,1755.43,1763.92,104333523.0,1520022515.0,19405546950.0,0.005376479378232624
62,2022-07-07,1765.14,1778.49,1745.71,1750.57,73016098.0,1057696547.0,19405546950.0,0.003762640557781341
63,2022-07-08,1760.28,1778.49,1744.5,1765.14,63969823.0,928850349.0,19405546950.0,0.003296471012377211
64,2022-07-11,1760.28,1768.78,1743.29,1755.43,61169194.0,883613754.0,19405546950.0,0.0031521499578243016
65,2022-07-12,1749.36,1788.2,1745.71,1750.57,74288242.0,1078431990.0,19405546950.0,0.0038281962467437694
66,2022-07-13,1750.57,1756.64,1686.23,1695.94,217599606.0,3056913118.0,19405546950.0,0.011213268379431068
67,2022-07-14,1663.16,1664.38,1613.39,1623.1,263212087.0,3534578702.0,19405546950.0,0.01356375513033401
68,2022-07-15,1636.46,1646.17,1604.89,1607.32,159863740.0,2139915274.0,19405546950.0,0.008238043504359974
69,2022-07-18,1608.53,1631.6,1603.68,1625.53,115350581.0,1536340973.0,19405546950.0,0.005944206638298335
70,2022-07-19,1619.46,1630.39,1612.18,1629.17,75559710.0,1008562417.0,19405546950.0,0.003893717100305694
71,2022-07-20,1630.39,1635.24,1620.67,1625.53,80145866.0,1073936300.0,19405546950.0,0.004130049320769081
72,2022-07-21,1617.03,1619.46,1576.97,1579.4,197038789.0,2588696130.0,19405546950.0,0.010153735398836568
73,2022-07-22,1586.56,1597.69,1559.38,1582.86,137650974.0,1755555714.0,19405546950.0,0.007093382853607226
74,2022-07-25,1581.62,1587.8,1565.56,1584.09,76395581.0,976071707.0,19405546950.0,0.003936790918433763
75,2022-07-26,1575.44,1595.21,1570.5,1595.21,102404881.0,1314310442.0,19405546950.0,0.005277093259151863
76,2022-07-27,1587.8,1591.51,1572.97,1580.39,92391408.0,1182889761.0,19405546950.0,0.004761082397628581
77,2022-07-28,1582.86,1595.21,1579.15,1591.51,75034652.0,964903658.0,19405546950.0,0.0038666599912557478
78,2022-07-29,1591.51,1593.98,1563.09,1566.79,83149747.0,1059518585.0,19405546950.0,0.004284844287782365
79,2022-08-01,1564.32,1564.32,1532.2,1534.67,102573271.0,1277987010.0,19405546950.0,0.005285770674966726
80,2022-08-02,1509.96,1524.78,1475.36,1514.9,137300930.0,1664397666.0,19405546950.0,0.007075344506071755
81,2022-08-03,1506.25,1516.13,1484.01,1486.48,74613653.0,905653325.0,19405546950.0,0.0038449652149588087
82,2022-08-04,1495.13,1503.78,1485.24,1502.54,60267562.0,729351710.0,19405546950.0,0.00310568736636408
83,2022-08-05,1498.83,1523.55,1480.3,1521.08,76529787.0,930836354.0,19405546950.0,0.003943706776066933
84,2022-08-08,1513.66,1527.25,1502.54,1507.48,55199969.0,674950921.0,19405546950.0,0.0028445458992847404
85,2022-08-09,1508.72,1509.96,1492.66,1497.6,55844757.0,677098633.0,19405546950.0,0.0028777728936931614
86,2022-08-10,1497.6,1512.43,1485.24,1490.18,68302321.0,825806008.0,19405546950.0,0.0035197318156497516
87,2022-08-11,1492.66,1530.96,1487.71,1526.02,139930361.0,1710719478.0,19405546950.0,0.007210843443915401
88,2022-08-12,1514.9,1533.43,1507.48,1529.73,82050356.0,1010612433.0,19405546950.0,0.004228190847256692
89,2022-08-15,1518.6,1527.25,1493.89,1496.36,117201000.0,1425087455.0,19405546950.0,0.006039561796530553
90,2022-08-16,1496.36,1507.48,1495.13,1498.83,63122370.0,765907219.0,19405546950.0,0.0032528003545913967
91,2022-08-17,1501.31,1534.67,1491.42,1532.2,134850658.0,1656961619.0,19405546950.0,0.00694907792846313
92,2022-08-18,1542.08,1549.5,1502.54,1513.66,126970094.0,1560630568.0,19405546950.0,0.006542979403113397
93,2022-08-19,1516.13,1575.44,1511.19,1553.2,210641724.0,2653471090.0,19405546950.0,0.010854717186932986
94,2022-08-22,1554.44,1566.79,1533.43,1544.55,113807658.0,1423361879.0,19405546950.0,0.005864697258636145
95,2022-08-23,1538.37,1543.32,1517.37,1524.78,92146307.0,1137300431.0,19405546950.0,0.004748451936831391
96,2022-08-24,1523.55,1549.5,1523.55,1532.2,129537533.0,1613309589.0,19405546950.0,0.006675283790442196
97,2022-08-25,1532.2,1564.32,1519.84,1559.38,106401061.0,1329230362.0,19405546950.0,0.005483023038420466
98,2022-08-26,1566.79,1575.44,1539.61,1558.15,92763426.0,1168951099.0,19405546950.0,0.004780253101807058
99,2022-08-29,1544.55,1551.97,1521.08,1534.67,92449065.0,1145189174.0,19405546950.0,0.004764053558407948
100,2022-08-30,1535.9,1549.5,1517.37,1542.08,79971238.0,991447627.0,19405546950.0,0.004121050450474419
101,2022-08-31,1529.73,1579.15,1527.25,1575.44,165304158.0,2091408315.0,19405546950.0,0.008518397261665433
102,2022-09-01,1563.09,1580.39,1554.44,1558.15,86198195.0,1092666277.0,19405546950.0,0.004441935866177686
103,2022-09-02,1559.38,1568.03,1535.9,1545.79,78636281.0,983433863.0,19405546950.0,0.004052257903506296
104,2022-09-05,1539.61,1556.91,1528.49,1553.2,63203998.0,788451089.0,19405546950.0,0.0032570067807338975
105,2022-09-06,1554.44,1564.32,1535.9,1544.55,73129499.0,914692184.0,19405546950.0,0.003768484299279181
106,2022-09-07,1534.67,1534.67,1517.37,1523.55,97981281.0,1208329759.0,19405546950.0,0.005049137818813192
107,2022-09-08,1522.31,1537.14,1519.84,1527.25,62111692.0,768913484.0,19405546950.0,0.003200718442001966
108,2022-09-09,1532.2,1574.21,1527.25,1571.74,195129731.0,2469131334.0,19405546950.0,0.01005535847573727
109,2022-09-13,1591.51,1608.81,1564.32,1600.16,172268989.0,2223707380.0,19405546950.0,0.00887730654765183
110,2022-09-14,1575.44,1590.27,1569.27,1572.97,85803584.0,1095054829.0,19405546950.0,0.004421600907260179
111,2022-09-15,1581.62,1618.69,1577.92,1606.34,184101788.0,2393239453.0,19405546950.0,0.009487070293579125
112,2022-09-16,1596.45,1600.16,1551.97,1551.97,135744781.0,1719252822.0,19405546950.0,0.006995153568706807
113,2022-09-19,1549.5,1565.56,1542.08,1553.2,63212104.0,793491306.0,19405546950.0,0.0032574244963499985
114,2022-09-20,1558.15,1560.62,1522.31,1524.78,88998853.0,1102212204.0,19405546950.0,0.004586258415148665
115,2022-09-21,1521.08,1542.08,1507.48,1535.9,68419739.0,845477182.0,19405546950.0,0.0035257825598159704
116,2022-09-22,1523.55,1527.25,1513.66,1518.6,58613338.0,720058210.0,19405546950.0,0.003020442461684905
117,2022-09-23,1512.43,1535.9,1511.19,1518.6,58644106.0,722703128.0,19405546950.0,0.0030220279877244067
118,2022-09-26,1502.54,1517.37,1481.54,1482.77,90372904.0,1094060839.0,19405546950.0,0.004657065540737052
119,2022-09-27,1482.77,1502.54,1459.29,1501.31,78962229.0,946732994.0,19405546950.0,0.0040690545442214395
120,2022-09-28,1493.89,1513.66,1472.89,1496.36,78092558.0,946211767.0,19405546950.0,0.004024238956068177
121,2022-09-29,1513.66,1517.37,1460.53,1465.47,91771804.0,1100405198.0,19405546950.0,0.004729153176483902
122,2022-09-30,1466.71,1477.83,1461.77,1463.0,53723019.0,638906948.0,19405546950.0,0.002768436217666104
123,2022-10-10,1445.7,1454.35,1416.05,1417.28,96608018.0,1119089731.0,19405546950.0,0.004978371300170955
124,2022-10-11,1425.93,1430.87,1409.87,1418.52,41525337.0,476749227.0,19405546950.0,0.0021398694459369514
125,2022-10-12,1414.81,1435.82,1402.45,1433.35,55957243.0,641776509.0,19405546950.0,0.002883569483724343
126,2022-10-13,1422.22,1425.93,1397.51,1401.22,85261597.0,970021739.0,19405546950.0,0.004393671418779567
127,2022-10-14,1414.81,1437.05,1408.63,1424.7,109606158.0,1265486550.0,19405546950.0,0.005648186999439354
128,2022-10-17,1411.1,1423.46,1401.22,1418.52,102482271.0,1171523550.0,19405546950.0,0.005281081294129667
129,2022-10-18,1427.17,1438.29,1416.05,1418.52,94683709.0,1091646644.0,19405546950.0,0.004879208467762358
130,2022-10-19,1411.1,1419.75,1393.8,1395.04,92398968.0,1049700767.0,19405546950.0,0.00476147197695966
131,2022-10-20,1387.63,1397.51,1378.98,1383.92,78192323.0,876967151.0,19405546950.0,0.004029380011883664
132,2022-10-21,1385.16,1390.1,1367.86,1370.33,78557429.0,876648491.0,19405546950.0,0.004048194529245154
133,2022-10-24,1370.33,1371.56,1311.02,1312.25,138339065.0,1496043940.0,19405546950.0,0.007128841323382539
134,2022-10-25,1322.14,1335.73,1309.78,1315.96,131697940.0,1406437766.0,19405546950.0,0.006786613144135058
135,2022-10-26,1314.72,1325.84,1311.02,1317.19,114382988.0,1220733278.0,19405546950.0,0.00589434496717445
136,2022-10-27,1322.14,1330.79,1317.19,1319.67,95738346.0,1024868047.0,19405546950.0,0.004933555660486034
137,2022-10-28,1313.49,1322.14,1286.3,1287.54,105794701.0,1114999302.0,19405546950.0,0.005451776302548381
138,2022-10-31,1276.42,1291.25,1262.83,1277.65,98309569.0,1016230012.0,19405546950.0,0.005066055043607003
139,2022-11-01,1282.6,1319.67,1280.13,1318.43,138123413.0,1459758367.0,19405546950.0,0.007117728418368543
140,2022-11-02,1311.02,1319.67,1294.95,1313.49,130298818.0,1377816220.0,19405546950.0,0.006714514068360233
141,2022-11-03,1302.37,1306.07,1282.6,1290.01,98353561.0,1028904286.0,19405546950.0,0.0050683220242859475
142,2022-11-04,1285.07,1340.67,1283.83,1336.97,177611223.0,1903720944.0,19405546950.0,0.00915260072069239
143,2022-11-07,1335.73,1348.09,1325.84,1344.38,98808204.0,1070554833.0,19405546950.0,0.005091750531669503
144,2022-11-08,1345.61,1349.32,1332.02,1340.67,58322205.0,632835805.0,19405546950.0,0.0030054398956273687
145,2022-11-09,1339.44,1369.09,1336.97,1345.61,83210685.0,911153622.0,19405546950.0,0.0042879845239301535
146,2022-11-10,1333.26,1346.85,1320.9,1343.14,55202119.0,596916589.0,19405546950.0,0.002844656692348473
147,2022-11-11,1375.27,1440.76,1360.44,1412.34,254507055.0,2878557392.0,19405546950.0,0.013115170402347253
148,2022-11-14,1445.7,1517.37,1445.7,1476.59,387208410.0,4637823414.0,19405546950.0,0.019953491184642957
149,2022-11-15,1465.47,1505.01,1461.77,1484.01,157390134.0,1891249648.0,19405546950.0,0.008110574487054075
150,2022-11-16,1479.06,1488.95,1456.82,1460.53,127869288.0,1519133932.0,19405546950.0,0.006589316360392511
151,2022-11-17,1459.29,1463.0,1430.87,1444.47,109104716.0,1273790881.0,19405546950.0,0.0056223468620141106
152,2022-11-18,1450.64,1455.59,1429.64,1432.11,86809329.0,1011078680.0,19405546950.0,0.004473428614182915
153,2022-11-21,1418.52,1420.99,1386.39,1416.05,104773707.0,1189388618.0,19405546950.0,0.005399162789379662
154,2022-11-22,1416.05,1474.12,1413.57,1460.53,149132388.0,1748727407.0,19405546950.0,0.007685039148046275
155,2022-11-23,1455.59,1488.95,1448.17,1460.53,124765653.0,1483352652.0,19405546950.0,0.0064293809044119726
156,2022-11-24,1472.89,1481.54,1444.47,1454.35,79671882.0,941002373.0,19405546950.0,0.004105624139596848
157,2022-11-25,1456.82,1511.19,1454.35,1503.78,176072817.0,2130171605.0,19405546950.0,0.009073324109527353
158,2022-11-28,1470.41,1472.89,1444.47,1459.29,133156295.0,1568351120.0,19405546950.0,0.006861764594581551
159,2022-11-29,1502.54,1605.1,1498.83,1605.1,474927650.0,6026006642.0,19405546950.0,0.02447380902087895
160,2022-11-30,1593.98,1648.35,1584.09,1610.04,320962830.0,4206404173.0,19405546950.0,0.016539746641874478
161,2022-12-01,1653.29,1687.89,1614.98,1618.69,200268883.0,2658203027.0,19405546950.0,0.010320187496699237
162,2022-12-02,1623.63,1624.87,1568.03,1593.98,140420278.0,1803658762.0,19405546950.0,0.007236089678987379
163,2022-12-05,1617.46,1676.77,1607.57,1671.82,228762742.0,3057231973.0,19405546950.0,0.011788523280968383
164,2022-12-06,1648.35,1687.89,1637.23,1659.47,125257891.0,1680593516.0,19405546950.0,0.006454746744461125
165,2022-12-07,1647.11,1652.05,1610.04,1624.87,137737690.0,1815667663.0,19405546950.0,0.007097851472823342
166,2022-12-08,1624.87,1670.59,1621.16,1650.82,106572280.0,1422047905.0,19405546950.0,0.005491846237294538
167,2022-12-09,1655.76,1699.01,1649.58,1692.83,161583192.0,2197501649.0,19405546950.0,0.008326649715997827
168,2022-12-12,1678.0,1678.0,1613.75,1619.93,139258428.0,1848277967.0,19405546950.0,0.007176217622662782
169,2022-12-13,1624.87,1650.82,1623.63,1635.99,90228513.0,1194285343.0,19405546950.0,0.004649624833171734
170,2022-12-14,1634.75,1655.76,1616.22,1634.75,97406110.0,1287867945.0,19405546950.0,0.0050194983038084375
171,2022-12-15,1623.63,1640.93,1598.92,1618.69,83534926.0,1094434006.0,19405546950.0,0.004304693200105859
172,2022-12-16,1608.81,1655.76,1608.81,1648.35,92425167.0,1225269166.0,19405546950.0,0.004762822054855815
173,2022-12-19,1647.11,1664.41,1600.16,1611.28,103086606.0,1355435567.0,19405546950.0,0.005312223678395213
174,2022-12-20,1602.63,1616.22,1565.56,1576.68,89621223.0,1150630681.0,19405546950.0,0.0046183301728581275
175,2022-12-21,1587.8,1605.1,1574.21,1592.74,61458964.0,791782473.0,19405546950.0,0.003167082286232597
176,2022-12-22,1606.34,1624.87,1593.98,1600.16,67239430.0,876159828.0,19405546950.0,0.003464959280624657
177,2022-12-23,1587.8,1613.75,1581.62,1603.86,56442641.0,730705959.0,19405546950.0,0.0029085828472358516
178,2022-12-26,1605.1,1611.28,1570.5,1577.92,79711987.0,1021903963.0,19405546950.0,0.004107690816722896
179,2022-12-27,1590.27,1633.52,1590.27,1619.93,88600412.0,1160090119.0,19405546950.0,0.004565726089982741
180,2022-12-28,1626.11,1653.29,1606.34,1623.63,79119198.0,1042402080.0,19405546950.0,0.004077143416975423
181,2022-12-29,1614.98,1622.4,1587.8,1610.04,66689009.0,865144967.0,19405546950.0,0.003436595174144267
182,2022-12-30,1611.28,1640.93,1601.39,1626.11,81803598.0,1074756754.0,19405546950.0,0.004215474998502941
183,2023-01-03,1631.05,1711.36,1612.51,1701.48,219412794.0,2971546989.0,19405546950.0,0.011306704962521038
184,2023-01-04,1694.07,1781.8,1684.18,1769.44,218968253.0,3110729449.0,19405546950.0,0.011283797027942055
185,2023-01-05,1779.33,1821.34,1775.62,1789.21,166542518.0,2417272356.0,19405546950.0,0.008582212005109188
186,2023-01-06,1791.68,1818.87,1789.21,1806.51,119574471.0,1747915169.0,19405546950.0,0.006161870691307672
187,2023-01-09,1822.57,1838.64,1794.15,1828.75,105765911.0,1561368487.0,19405546950.0,0.005450292706127513
188,2023-01-10,1823.81,1839.87,1778.09,1784.27,126942339.0,1851093717.0,19405546950.0,0.0065415491419580935
189,2023-01-11,1785.5,1826.28,1778.09,1812.69,83056612.0,1217450812.0,19405546950.0,0.004280044886856436
190,2023-01-12,1825.04,1825.04,1795.39,1812.69,62569484.0,914367700.0,19405546950.0,0.003224309222575146
191,2023-01-13,1812.69,1847.29,1797.86,1847.29,94908583.0,1407181074.0,19405546950.0,0.004890796597722282
192,2023-01-16,1847.29,1888.06,1834.93,1863.35,156003989.0,2356399993.0,19405546950.0,0.008039144137599276
193,2023-01-17,1869.53,1875.71,1825.04,1849.76,93583454.0,1396151515.0,19405546950.0,0.00482251050388456
194,2023-01-18,1847.29,1875.71,1842.34,1867.06,71843403.0,1083362998.0,19405546950.0,0.003702209640630614
195,2023-01-19,1869.53,1884.35,1837.4,1864.58,64187520.0,963744633.0,19405546950.0,0.0033076892996308977
196,2023-01-20,1873.23,1883.12,1853.46,1869.53,60859008.0,920144806.0,19405546950.0,0.003136165559095463
197,2023-01-30,1927.6,1944.9,1839.87,1872.0,137431750.0,2096867649.0,19405546950.0,0.00708208587751246
198,2023-01-31,1883.12,1916.48,1848.52,1852.23,103049784.0,1568639326.0,19405546950.0,0.005310326179700902
199,2023-02-01,1857.17,1863.35,1792.92,1816.39,165342148.0,2426471973.0,19405546950.0,0.008520354949335762
200,2023-02-02,1821.34,1826.28,1763.26,1804.04,157790039.0,2280744883.0,19405546950.0,0.008131182254566651
201,2023-02-03,1785.5,1797.86,1749.67,1769.44,124638298.0,1782105891.0,19405546950.0,0.006422818090164678
202,2023-02-06,1742.26,1745.96,1712.6,1729.9,131761010.0,1838428709.0,19405546950.0,0.006789863245776745
203,2023-02-07,1737.31,1769.44,1733.61,1755.85,86946046.0,1235297763.0,19405546950.0,0.004480473867808194
204,2023-02-08,1759.55,1769.44,1733.61,1734.84,65789257.0,928708934.0,19405546950.0,0.0033902294622002397
205,2023-02-09,1731.14,1766.97,1724.96,1745.96,83035002.0,1174361963.0,19405546950.0,0.004278931287736778
206,2023-02-10,1742.26,1744.73,1712.6,1727.43,84728366.0,1184283386.0,19405546950.0,0.0043661931414924636
207,2023-02-13,1722.49,1722.49,1680.47,1707.66,180005416.0,2473405203.0,19405546950.0,0.009275977454477263
208,2023-02-14,1711.36,1727.43,1705.19,1724.96,90993709.0,1263892078.0,19405546950.0,0.004689056651402449
209,2023-02-15,1723.72,1724.96,1682.95,1689.12,125024398.0,1713566673.0,19405546950.0,0.006442714463144776
210,2023-02-16,1690.36,1718.78,1668.12,1680.47,127912329.0,1757431084.0,19405546950.0,0.006591534334465125
211,2023-02-17,1684.18,1695.3,1659.47,1659.47,91836369.0,1246777397.0,19405546950.0,0.004732480317953625
212,2023-02-20,1668.12,1748.43,1666.88,1748.43,211619117.0,2945969773.0,19405546950.0,0.010905083868300863
213,2023-02-21,1737.31,1754.61,1720.01,1742.26,99049499.0,1393153377.0,19405546950.0,0.0051041848629780565
214,2023-02-22,1729.9,1744.73,1722.49,1732.37,63892239.0,895742534.0,19405546950.0,0.003292472980257843
215,2023-02-23,1729.9,1769.44,1727.43,1736.08,82449068.0,1165539851.0,19405546950.0,0.004248737137501811
216,2023-02-24,1732.37,1733.61,1705.19,1712.6,72998904.0,1012652972.0,19405546950.0,0.0037617545224614244
217,2023-02-27,1699.01,1715.07,1690.36,1691.59,62146193.0,854854041.0,19405546950.0,0.0032024963357191022
218,2023-02-28,1699.01,1711.36,1681.71,1702.72,60793592.0,833316018.0,19405546950.0,0.0031327945641851647
219,2023-03-01,1705.19,1753.38,1697.77,1750.91,122345178.0,1719710647.0,19405546950.0,0.006304649815603368
220,2023-03-02,1745.96,1784.27,1737.31,1759.55,101587684.0,1447565980.0,19405546950.0,0.005234981743196886
221,2023-03-03,1773.15,1775.62,1747.2,1765.73,69095439.0,985552121.0,19405546950.0,0.0035606025008225804
222,2023-03-06,1766.97,1766.97,1695.3,1711.36,145582414.0,2023954547.0,19405546950.0,0.007502103103566478
223,2023-03-07,1711.36,1742.26,1686.65,1691.59,127926629.0,1773654737.0,19405546950.0,0.006592271237168093
224,2023-03-08,1684.18,1685.42,1655.76,1671.82,109689791.0,1479838980.0,19405546950.0,0.005652496746555242
225,2023-03-09,1673.06,1678.0,1622.4,1631.05,173606476.0,2305765842.0,19405546950.0,0.008946229469713554
226,2023-03-10,1606.34,1639.7,1606.34,1623.63,85699610.0,1128558360.0,19405546950.0,0.004416242954698064
227,2023-03-13,1621.16,1642.17,1606.34,1612.51,100063496.0,1309490079.0,19405546950.0,0.005156437809138896
228,2023-03-14,1605.1,1606.34,1572.97,1590.27,114907558.0,1474124199.0,19405546950.0,0.005921376928775512
229,2023-03-15,1612.51,1628.58,1598.92,1612.51,97936372.0,1278262225.0,19405546950.0,0.005046823583604275
230,2023-03-16,1592.74,1610.04,1581.62,1584.09,91679249.0,1182054434.0,19405546950.0,0.004724383663919351
231,2023-03-17,1605.1,1611.28,1563.09,1575.44,155681414.0,2000832408.0,19405546950.0,0.008022521313165049
232,2023-03-20,1576.68,1587.8,1550.73,1553.2,118881633.0,1505893659.0,19405546950.0,0.006126167600753969
233,2023-03-21,1563.09,1579.15,1544.55,1569.27,84074317.0,1060914056.0,19405546950.0,0.004332488912403471
234,2023-03-22,1575.44,1591.51,1570.5,1580.39,87669077.0,1121080753.0,19405546950.0,0.004517732853698308
235,2023-03-23,1569.27,1593.98,1560.62,1593.98,80430604.0,1029380497.0,19405546950.0,0.004144722341876584
236,2023-03-24,1587.8,1589.04,1576.68,1584.09,62151875.0,796319542.0,19405546950.0,0.0032027891385973018
237,2023-03-27,1581.62,1582.86,1539.61,1556.91,100842214.0,1266945056.0,19405546950.0,0.005196566438443004
238,2023-03-28,1564.32,1572.97,1550.73,1561.85,67386843.0,851797869.0,19405546950.0,0.003472555716859091
239,2023-03-29,1572.97,1574.21,1544.55,1548.26,59606433.0,750687551.0,19405546950.0,0.0030716182931396323
240,2023-03-30,1550.73,1570.5,1533.43,1566.79,82454624.0,1035422932.0,19405546950.0,0.004249023447391159
241,2023-03-31,1568.03,1577.92,1545.79,1548.26,86549166.0,1092263437.0,19405546950.0,0.004460021983559706
242,2023-04-03,1550.73,1568.03,1539.61,1565.56,74042886.0,934285179.0,19405546950.0,0.0038155526453739043
243,2023-04-04,1561.85,1571.74,1555.67,1563.09,64745722.0,817726527.0,19405546950.0,0.0033364543739386847
244,2023-04-06,1556.91,1558.15,1544.55,1554.44,56332130.0,706480660.0,19405546950.0,0.0029028880322283313
245,2023-04-07,1553.2,1568.03,1544.55,1559.38,60792526.0,767354797.0,19405546950.0,0.0031327396314382162
246,2023-04-10,1561.85,1569.27,1554.44,1566.79,64018181.0,809943148.0,19405546950.0,0.0032989629802730193
247,2023-04-11,1569.27,1571.74,1547.02,1549.5,77777962.0,978302908.0,19405546950.0,0.004008027302729543
248,2023-04-12,1554.44,1555.67,1538.37,1542.08,90995706.0,1136997696.0,19405546950.0,0.004689159560122576
249,2023-04-13,1533.43,1565.56,1519.84,1551.97,113159146.0,1413919037.0,19405546950.0,0.005831278360335007
250,2023-04-14,1556.91,1593.98,1554.44,1568.03,129799484.0,1653539531.0,19405546950.0,0.006688782559669105
251,2023-04-17,1564.32,1598.92,1556.91,1597.69,130421259.0,1669357649.0,19405546950.0,0.006720823656042325
252,2023-04-18,1597.69,1631.05,1592.74,1606.34,153893615.0,2009934875.0,19405546950.0,0.007930393067328617
253,2023-04-19,1608.81,1614.98,1585.33,1587.8,101437815.0,1309536002.0,19405546950.0,0.005227258745211507
254,2023-04-20,1593.98,1593.98,1559.38,1575.44,81178841.0,1033330704.0,19405546950.0,0.0041832802347269065
255,2023-04-21,1569.27,1585.33,1542.08,1544.55,91866839.0,1160509766.0,19405546950.0,0.004734050487559177
256,2023-04-24,1542.08,1544.55,1486.48,1495.13,146767192.0,1798133967.0,19405546950.0,0.007563156677735383
257,2023-04-25,1500.07,1528.49,1497.6,1517.37,130190082.0,1595320170.0,19405546950.0,0.006708910722044863
258,2023-04-26,1513.66,1513.66,1481.54,1497.6,99126040.0,1197555724.0,19405546950.0,0.0051081291475786
259,2023-04-27,1490.18,1526.02,1482.77,1514.9,100409337.0,1222755932.0,19405546950.0,0.005174259569117685
260,2023-04-28,1514.9,1579.15,1509.96,1550.73,144525434.0,1816868033.0,19405546950.0,0.007447635172169162
261,2023-05-04,1532.2,1585.33,1506.25,1572.97,147826438.0,1863146144.0,19405546950.0,0.0076177413798687085
262,2023-05-05,1579.15,1619.93,1575.44,1595.21,176218865.0,2283981032.0,19405546950.0,0.009080850205049232
263,2023-05-08,1598.92,1666.88,1586.56,1645.88,263071861.0,3478891629.0,19405546950.0,0.013556529052122387
264,2023-05-09,1655.76,1680.47,1622.4,1626.11,242253445.0,3238716471.0,19405546950.0,0.012483721568074637
265,2023-05-10,1627.34,1638.46,1581.62,1586.56,123705339.0,1600189994.0,19405546950.0,0.006374741166468385
266,2023-05-11,1600.16,1621.16,1581.62,1587.8,90375844.0,1166479365.0,19405546950.0,0.00465721704381025
267,2023-05-12,1584.09,1590.27,1558.15,1559.38,88560368.0,1124579091.0,19405546950.0,0.0045636625562878045
268,2023-05-15,1566.79,1587.8,1538.37,1585.33,92832563.0,1173804243.0,19405546950.0,0.0047838158460151
269,2023-05-16,1581.62,1596.45,1553.2,1559.38,99830169.0,1267712090.0,19405546950.0,0.005144414082077702
270,2023-05-17,1554.44,1561.85,1537.14,1543.32,75462120.0,945315193.0,19405546950.0,0.0038886881258453783
271,2023-05-18,1553.2,1561.85,1535.9,1543.32,68718687.0,861347534.0,19405546950.0,0.003541187845777261
272,2023-05-19,1535.9,1537.14,1522.31,1524.78,68841368.0,851165594.0,19405546950.0,0.0035475098010571663
273,2023-05-22,1521.08,1538.37,1521.08,1529.73,54932785.0,679754868.0,19405546950.0,0.0028307774648938717
274,2023-05-23,1529.73,1533.43,1508.72,1508.72,69436436.0,852871175.0,19405546950.0,0.0035781746414521956
275,2023-05-24,1507.48,1508.72,1484.01,1484.01,82425088.0,996600578.0,19405546950.0,0.0042475014083537595
276,2023-05-25,1481.54,1482.77,1459.29,1474.12,88274430.0,1050002542.0,19405546950.0,0.004548927697191241
277,2023-05-26,1474.12,1498.83,1463.0,1495.13,51142864.0,613772897.0,19405546950.0,0.0026354765537798973
278,2023-05-29,1496.36,1498.83,1476.59,1480.3,56607382.0,680275578.0,19405546950.0,0.0029170722240323146
279,2023-05-30,1480.3,1481.54,1458.06,1466.71,76399692.0,906316374.0,19405546950.0,0.003937002765077951
280,2023-05-31,1460.53,1463.0,1430.87,1433.35,117958671.0,1376758357.0,19405546950.0,0.0060786058390382034
281,2023-06-01,1433.35,1443.23,1420.99,1432.11,74302293.0,861646489.0,19405546950.0,0.003828920318064006
282,2023-06-02,1443.23,1479.06,1438.29,1474.12,122184253.0,1446502669.0,19405546950.0,0.006296357083612116
283,2023-06-05,1467.94,1482.77,1460.53,1471.65,52184619.0,620531416.0,19405546950.0,0.0026891599156910135
284,2023-06-06,1471.65,1493.89,1460.53,1463.0,83327347.0,997039312.0,19405546950.0,0.004293996310163265
285,2023-06-07,1469.18,1491.42,1467.94,1475.36,64369784.0,770386878.0,19405546950.0,0.003317081665662611
286,2023-06-08,1477.83,1507.48,1465.47,1497.6,86939712.0,1048266236.0,19405546950.0,0.004480147466289271
287,2023-06-09,1490.18,1493.89,1464.24,1467.94,131528476.0,1566929274.0,19405546950.0,0.006777880383319987
288,2023-06-12,1460.53,1470.41,1453.12,1456.82,75874703.0,896015709.0,19405546950.0,0.003909949211712376
289,2023-06-13,1453.12,1463.0,1444.47,1454.35,84998805.0,1000183567.0,19405546950.0,0.004380129311428658
290,2023-06-14,1462.58,1485.38,1451.19,1452.45,106920004.0,1237376776.0,19405546950.0,0.005509765031384493
291,2023-06-15,1454.98,1472.71,1442.32,1470.18,92530056.0,1064567231.0,19405546950.0,0.0047682271588845885
292,2023-06-16,1470.18,1477.78,1465.11,1472.71,84203365.0,978869317.0,19405546950.0,0.004339138969746998
293,2023-06-19,1472.71,1472.71,1444.85,1449.92,95399707.0,1096351097.0,19405546950.0,0.004916105031504922
294,2023-06-20,1448.65,1451.19,1437.26,1438.52,54455079.0,620374308.0,19405546950.0,0.002806160482892238
295,2023-06-21,1438.52,1453.72,1435.99,1437.26,61658296.0,703681564.0,19405546950.0,0.0031773541945953757
296,2023-06-26,1430.92,1430.92,1411.93,1415.73,67657743.0,757975992.0,19405546950.0,0.003486515642889416
297,2023-06-27,1418.26,1433.46,1414.46,1428.39,46170178.0,519520687.0,19405546950.0,0.0023792258017236666
298,2023-06-28,1428.39,1434.72,1420.79,1430.92,36539644.0,412039354.0,19405546950.0,0.0018829484216109661
299,2023-06-29,1429.66,1429.66,1414.46,1415.73,48590630.0,544534826.0,19405546950.0,0.0025039557053041475
300,2023-06-30,1415.73,1432.19,1411.93,1422.06,51905258.0,583494655.0,19405546950.0,0.0026747639803061567
301,2023-07-03,1423.33,1460.05,1422.06,1454.98,88509071.0,1009887429.0,19405546950.0,0.004561019136850456
302,2023-07-04,1451.19,1454.98,1433.46,1443.59,61630056.0,701885270.0,19405546950.0,0.0031758989405861605
303,2023-07-05,1438.52,1443.59,1430.92,1435.99,42348240.0,479726282.0,19405546950.0,0.0021822750015299103
304,2023-07-06,1430.92,1435.99,1419.53,1423.33,59709591.0,672396816.0,19405546950.0,0.0030769341958691867
305,2023-07-07,1418.26,1427.13,1415.73,1418.26,48444083.0,543212456.0,19405546950.0,0.0024964038954851516
306,2023-07-10,1424.59,1428.39,1414.46,1418.26,49588228.0,556581582.0,19405546950.0,0.0025553635838128233
307,2023-07-11,1420.79,1425.86,1417.0,1419.53,57080909.0,640131787.0,19405546950.0,0.002941473855237046
308,2023-07-12,1422.06,1438.52,1420.79,1423.33,73608367.0,830230821.0,19405546950.0,0.0037931611610668874
309,2023-07-13,1433.46,1452.45,1427.13,1447.39,112422973.0,1281848379.0,19405546950.0,0.00579334214540137
310,2023-07-14,1447.39,1462.58,1443.59,1451.19,71914699.0,825295738.0,19405546950.0,0.0037058836416873062
311,2023-07-17,1444.85,1444.85,1425.86,1432.19,60834258.0,687262894.0,19405546950.0,0.0031348901505710972
312,2023-07-18,1429.66,1433.46,1420.79,1424.59,47196618.0,531299773.0,19405546950.0,0.0024321199562994025
313,2023-07-19,1422.06,1433.46,1422.06,1432.19,38219596.0,430771279.0,19405546950.0,0.0019695191327755903
314,2023-07-20,1434.72,1448.65,1429.66,1433.46,55406957.0,629696111.0,19405546950.0,0.0028552123340177225
315,2023-07-21,1432.19,1442.32,1428.39,1435.99,37710256.0,427375950.0,19405546950.0,0.0019432719983190168
316,2023-07-24,1434.72,1434.72,1423.33,1425.86,42685218.0,480713396.0,19405546950.0,0.0021996400364278318
317,2023-07-25,1449.92,1485.38,1448.65,1484.11,203295819.0,2358815160.0,19405546950.0,0.01047617052607734
318,2023-07-26,1475.25,1486.64,1463.85,1477.78,75166268.0,875260135.0,19405546950.0,0.003873442381895863
319,2023-07-27,1479.04,1503.1,1475.25,1487.91,111519586.0,1314228294.0,19405546950.0,0.005746789115882147
320,2023-07-28,1480.31,1557.56,1477.78,1552.49,234701346.0,2839828237.0,19405546950.0,0.012094549388622103
321,2023-07-31,1557.56,1582.88,1548.69,1560.09,185495239.0,2288940411.0,19405546950.0,0.009558877133323984
322,2023-08-01,1552.49,1566.42,1536.03,1539.83,95773478.0,1169570705.0,19405546950.0,0.004935366070679085
323,2023-08-02,1527.16,1549.96,1510.7,1523.36,111590004.0,1343864165.0,19405546950.0,0.005750417872143511
324,2023-08-03,1518.3,1566.42,1513.23,1561.35,117584771.0,1433255493.0,19405546950.0,0.006059338152280217
325,2023-08-04,1572.75,1586.68,1546.16,1557.56,130313102.0,1611435431.0,19405546950.0,0.006715250146556678
326,2023-08-07,1546.16,1551.22,1534.76,1539.83,64691326.0,786506452.0,19405546950.0,0.003333651257894589
327,2023-08-08,1534.76,1546.16,1519.57,1532.23,72570456.0,877489188.0,19405546950.0,0.0037396758868473946
328,2023-08-09,1527.16,1544.89,1525.9,1541.09,57760774.0,702060797.0,19405546950.0,0.002976508425597352
329,2023-08-10,1538.56,1546.16,1527.16,1539.83,47559453.0,577123920.0,19405546950.0,0.0024508174452665967
330,2023-08-11,1541.09,1553.76,1505.64,1505.64,94353857.0,1132867239.0,19405546950.0,0.004862210647456139
331,2023-08-14,1489.17,1491.71,1467.65,1477.78,97592018.0,1139185249.0,19405546950.0,0.005029078451200264
332,2023-08-15,1480.31,1494.24,1468.91,1485.38,71281277.0,834163040.0,19405546950.0,0.0036732423560986
333,2023-08-16,1477.78,1500.57,1470.18,1485.38,57290437.0,671706045.0,19405546950.0,0.002952271180380206
334,2023-08-17,1477.78,1481.58,1451.19,1465.11,96505775.0,1116292662.0,19405546950.0,0.004973102548908059
335,2023-08-18,1466.38,1486.64,1460.05,1463.85,65981885.0,767047287.0,19405546950.0,0.0034001559023308023
336,2023-08-21,1463.85,1466.38,1433.46,1433.46,70149785.0,799641424.0,19405546950.0,0.00361493469783391
337,2023-08-22,1441.05,1449.92,1432.19,1439.79,60680809.0,689991238.0,19405546950.0,0.0031269826692516905
338,2023-08-23,1437.26,1446.12,1423.33,1424.59,69180998.0,783102827.0,19405546950.0,0.0035650114979109103
339,2023-08-24,1429.66,1433.46,1399.27,1409.4,129127070.0,1439197084.0,19405546950.0,0.006654131951689205
340,2023-08-25,1405.6,1434.72,1403.07,1422.06,84534992.0,946760251.0,19405546950.0,0.004356228258745369
341,2023-08-28,1499.31,1510.7,1454.98,1458.78,199760987.0,2336205801.0,19405546950.0,0.010294014773956165
342,2023-08-29,1452.45,1454.98,1409.4,1432.19,196496143.0,2217588610.0,19405546950.0,0.010125771950993631
343,2023-08-30,1427.13,1427.13,1409.4,1409.4,137563829.0,1537573551.0,19405546950.0,0.007088892127310021
344,2023-08-31,1410.66,1420.79,1408.13,1409.4,80647403.0,900123575.0,19405546950.0,0.00415589435370179
345,2023-09-01,1417.0,1438.52,1417.0,1433.46,113870483.0,1285169019.0,19405546950.0,0.00586793473502173
346,2023-09-04,1437.26,1467.65,1434.72,1463.85,141002923.0,1621769196.0,19405546950.0,0.007266114341600662
347,2023-09-05,1456.25,1457.52,1438.52,1442.32,80417716.0,917888859.0,19405546950.0,0.004144058201874078
348,2023-09-06,1434.72,1451.19,1430.92,1447.39,63484051.0,721905682.0,19405546950.0,0.0032714383760257784
349,2023-09-07,1443.59,1448.65,1433.46,1434.72,54004157.0,613812176.0,19405546950.0,0.002782923724806427
350,2023-09-08,1428.39,1433.46,1422.06,1427.13,47902967.0,539624963.0,19405546950.0,0.002468519291078266
351,2023-09-11,1430.92,1443.59,1427.13,1435.99,65448558.0,741764911.0,19405546950.0,0.0033726726780045745
352,2023-09-12,1437.26,1437.26,1424.59,1428.39,49548506.0,559058536.0,19405546950.0,0.002553316643311618
353,2023-09-13,1429.66,1433.46,1419.53,1424.59,49021797.0,551747628.0,19405546950.0,0.002526174455495056
354,2023-09-14,1428.39,1434.72,1424.59,1429.66,55165017.0,622906053.0,19405546950.0,0.002842744764790049
355,2023-09-15,1437.26,1443.59,1418.26,1420.79,89047613.0,1005529161.0,19405546950.0,0.004588771098770808
356,2023-09-18,1420.79,1423.33,1410.66,1422.06,50132501.0,561449770.0,19405546950.0,0.002583410873662595
357,2023-09-19,1420.79,1422.06,1413.2,1419.53,50366432.0,564044044.0,19405546950.0,0.0025954657258449496
358,2023-09-20,1418.26,1420.79,1411.93,1411.93,55887241.0,624785495.0,19405546950.0,0.00287996216463252
359,2023-09-21,1410.66,1410.66,1398.0,1399.27,84393011.0,934673194.0,19405546950.0,0.004348911742474746
360,2023-09-22,1396.73,1424.59,1396.73,1423.33,91148430.0,1017137922.0,19405546950.0,0.004697029680990259
361,2023-09-25,1423.33,1433.46,1417.0,1420.79,76121125.0,856022502.0,19405546950.0,0.00392264774582919
362,2023-09-26,1420.79,1425.86,1410.66,1413.2,44498035.0,497885811.0,19405546950.0,0.002293057501272851
363,2023-09-27,1411.93,1420.79,1411.93,1414.46,49031061.0,547905821.0,19405546950.0,0.0025266518447706007
364,2023-09-28,1417.0,1423.33,1415.73,1418.26,52069678.0,583649730.0,19405546950.0,0.002683236815440546
365,2023-10-09,1413.2,1414.46,1400.53,1406.86,69582809.0,772959353.0,19405546950.0,0.003585717484762778
366,2023-10-10,1417.0,1418.26,1395.47,1395.47,82074851.0,910160342.0,19405546950.0,0.004229453115208381
367,2023-10-11,1404.33,1404.33,1387.87,1390.4,72411569.0,797663827.0,19405546950.0,0.00373148817637423
368,2023-10-12,1406.86,1413.2,1398.0,1406.86,85305750.0,947562325.0,19405546950.0,0.004395946696055377
369,2023-10-13,1396.73,1401.8,1386.6,1392.94,68448308.0,753110726.0,19405546950.0,0.0035272547677405197
370,2023-10-16,1392.94,1396.73,1386.6,1394.2,50162432.0,550988720.0,19405546950.0,0.002584953267704727
371,2023-10-17,1394.2,1399.27,1387.87,1395.47,49352505.0,543170901.0,19405546950.0,0.0025432163869001383
372,2023-10-18,1391.67,1395.47,1381.54,1386.6,65182492.0,713979896.0,19405546950.0,0.0033589618560068467
373,2023-10-19,1381.54,1382.8,1341.02,1342.28,118896083.0,1271914677.0,19405546950.0,0.006126912233205568
374,2023-10-20,1335.95,1351.15,1330.89,1342.28,52613912.0,557618632.0,19405546950.0,0.002711282095555673
375,2023-10-23,1341.02,1342.28,1320.76,1329.62,53040448.0,557032229.0,19405546950.0,0.002733262202640467
376,2023-10-24,1334.69,1343.55,1322.02,1335.95,76065269.0,801528404.0,19405546950.0,0.00391976939356507
377,2023-10-25,1330.89,1334.69,1311.89,1314.42,141144968.0,1470971924.0,19405546950.0,0.007273434155897368
378,2023-10-26,1305.56,1319.49,1304.29,1318.22,59999147.0,621915277.0,19405546950.0,0.0030918554965027665
379,2023-10-27,1314.42,1327.09,1308.09,1323.29,91977136.0,957587534.0,19405546950.0,0.0047397342747919815
380,2023-10-30,1316.96,1325.82,1310.63,1323.29,80568955.0,837646002.0,19405546950.0,0.004151851798230299
381,2023-10-31,1320.76,1328.35,1318.22,1324.55,65285523.0,682212138.0,19405546950.0,0.003364271214215892
382,2023-11-01,1335.95,1337.22,1323.29,1327.09,56730035.0,595211885.0,19405546950.0,0.0029233927364258083
383,2023-11-02,1329.62,1342.28,1325.82,1327.09,61942995.0,652316670.0,19405546950.0,0.003192025205968235
384,2023-11-03,1328.35,1332.15,1320.76,1327.09,70546347.0,738879704.0,19405546950.0,0.003635370195015297
385,2023-11-06,1330.89,1353.68,1330.89,1353.68,100706221.0,1069206838.0,19405546950.0,0.0051895584937377915
386,2023-11-07,1349.88,1349.88,1339.75,1342.28,64086612.0,679815569.0,19405546950.0,0.003302489343130831
387,2023-11-08,1339.75,1342.28,1323.29,1329.62,87781875.0,923622008.0,19405546950.0,0.004523545521606645
388,2023-11-09,1324.55,1332.15,1320.76,1328.35,63913648.0,669639052.0,19405546950.0,0.0032935762215143337
389,2023-11-10,1323.29,1325.82,1303.03,1304.29,104504417.0,1080649734.0,19405546950.0,0.005385285829317993
390,2023-11-13,1305.56,1308.09,1294.16,1297.96,77004310.0,789007118.0,19405546950.0,0.003968159732802584
391,2023-11-14,1296.7,1308.09,1295.43,1300.5,59685888.0,613377698.0,19405546950.0,0.0030757127409902765
392,2023-11-15,1313.16,1323.29,1309.36,1313.16,110914015.0,1152154780.0,19405546950.0,0.005715583038487869
393,2023-11-16,1314.42,1315.69,1295.43,1296.7,92262194.0,948395097.0,19405546950.0,0.004754423786029901
394,2023-11-17,1294.16,1297.96,1281.5,1285.3,90336217.0,917616681.0,19405546950.0,0.004655174998816511
395,2023-11-20,1285.3,1294.16,1278.97,1290.36,63952831.0,650077370.0,19405546950.0,0.0032955953864521196
396,2023-11-21,1295.43,1310.63,1294.16,1301.76,104116573.0,1072311504.0,19405546950.0,0.005365299585127128
397,2023-11-22,1299.23,1305.56,1284.03,1286.57,73748951.0,753064758.0,19405546950.0,0.0038004056876119125
398,2023-11-23,1285.3,1286.57,1275.17,1285.3,84665587.0,855904312.0,19405546950.0,0.0043629580355631255
399,2023-11-24,1280.23,1282.77,1276.44,1278.97,68469456.0,691423444.0,19405546950.0,0.0035283445592343894
400,2023-11-27,1277.7,1277.7,1262.51,1267.57,83618785.0,836268369.0,19405546950.0,0.004309014593376354
401,2023-11-28,1265.04,1268.84,1259.97,1259.97,78617469.0,784405805.0,19405546950.0,0.004051288489964463
402,2023-11-29,1259.97,1262.51,1228.32,1230.85,146759662.0,1438320264.0,19405546950.0,0.007562768644354031
403,2023-11-30,1227.05,1232.11,1218.19,1225.78,90176457.0,871481712.0,19405546950.0,0.004646942301206305
404,2023-12-01,1221.98,1225.78,1213.12,1223.25,77805699.0,749668364.0,19405546950.0,0.00400945663631501
405,2023-12-04,1224.52,1225.78,1216.92,1219.45,60543785.0,583664338.0,19405546950.0,0.003119921595407544
406,2023-12-05,1216.92,1218.19,1199.19,1200.46,78737848.0,750961220.0,19405546950.0,0.004057491819368688
407,2023-12-06,1195.39,1211.85,1190.33,1202.99,75305592.0,714029469.0,19405546950.0,0.003880621978552375
408,2023-12-07,1201.72,1201.72,1187.79,1195.39,58538019.0,552224831.0,19405546950.0,0.0030165611487698884
409,2023-12-08,1191.59,1196.66,1177.66,1177.66,102115150.0,957664581.0,19405546950.0,0.005262162940478212
410,2023-12-11,1167.53,1187.79,1156.14,1184.0,113366281.0,1044765735.0,19405546950.0,0.005841952370221649
411,2023-12-12,1178.93,1202.99,1177.66,1192.86,85501642.0,805067628.0,19405546950.0,0.004406041335516184
412,2023-12-13,1187.79,1189.06,1158.67,1159.94,106130165.0,981001231.0,19405546950.0,0.005469063318516771
413,2023-12-14,1166.27,1175.13,1158.67,1158.67,74290056.0,683211466.0,19405546950.0,0.003828289725170565
414,2023-12-15,1165.0,1184.0,1163.73,1166.27,98893942.0,915126127.0,19405546950.0,0.005096168752924534
415,2023-12-18,1162.47,1170.07,1151.07,1156.14,65442562.0,599379044.0,19405546950.0,0.003372363694185904
416,2023-12-19,1154.87,1161.2,1148.54,1152.34,64407088.0,586716664.0,19405546950.0,0.00331900400261586
417,2023-12-20,1153.6,1158.67,1143.47,1143.47,71563363.0,650511343.0,19405546950.0,0.0036877787152502805
418,2023-12-21,1140.94,1163.73,1138.41,1161.2,101704676.0,925407073.0,19405546950.0,0.005241010534876988
419,2023-12-22,1163.73,1175.13,1153.6,1165.0,100564502.0,924998769.0,19405546950.0,0.005182255478761447
420,2023-12-25,1162.47,1165.0,1157.4,1163.73,41397088.0,379638234.0,19405546950.0,0.0021332605623878074
421,2023-12-26,1163.73,1165.0,1148.54,1152.34,54189633.0,493746623.0,19405546950.0,0.0027924816105221913
422,2023-12-27,1152.34,1156.14,1142.21,1154.87,64153435.0,582036661.0,19405546950.0,0.003305932843083302
423,2023-12-28,1153.6,1199.19,1149.8,1196.66,166159184.0,1550256591.0,19405546950.0,0.008562458168693875
424,2023-12-29,1192.86,1200.46,1184.0,1189.06,85385279.0,803196744.0,19405546950.0,0.00440004495724868
425,2024-01-02,1189.06,1192.86,1166.27,1166.27,115836645.0,1075742252.0,19405546950.0,0.005969254321893771
426,2024-01-03,1163.73,1167.53,1158.67,1165.0,73361031.0,673673614.0,19405546950.0,0.0037804155270150736
427,2024-01-04,1163.73,1163.73,1149.8,1153.6,86419399.0,787470082.0,19405546950.0,0.0044533348749544
428,2024-01-05,1152.34,1195.39,1148.54,1173.86,199162216.0,1852659692.0,19405546950.0,0.010263159111833228
429,2024-01-08,1168.8,1177.66,1153.6,1158.67,112115619.0,1029006549.0,19405546950.0,0.005777503684326712
430,2024-01-09,1159.94,1163.73,1151.07,1162.47,76619388.0,700375720.0,19405546950.0,0.00394832406411508
431,2024-01-10,1159.94,1163.73,1151.07,1151.07,85862091.0,783771150.0,19405546950.0,0.004424615869948464
432,2024-01-11,1149.8,1167.53,1143.47,1161.2,93468637.0,853890237.0,19405546950.0,0.0048165937935596296
433,2024-01-12,1156.14,1173.86,1153.6,1163.73,77258215.0,711018266.0,19405546950.0,0.003981243878312845
434,2024-01-15,1159.94,1176.4,1156.14,1166.27,74513266.0,685950951.0,19405546950.0,0.0038397921064523255
435,2024-01-16,1163.73,1184.0,1159.94,1182.73,143831258.0,1334465409.0,19405546950.0,0.007411863132257656
436,2024-01-17,1181.46,1189.06,1168.8,1168.8,148229621.0,1380725065.0,19405546950.0,0.007638518068154735
437,2024-01-18,1166.27,1170.07,1139.67,1165.0,175513247.0,1597853727.0,19405546950.0,0.009044488539912039
438,2024-01-19,1159.94,1165.0,1152.34,1161.2,96398142.0,881865024.0,19405546950.0,0.004967556042010967
439,2024-01-22,1159.94,1172.6,1144.74,1152.34,158031966.0,1449858242.0,19405546950.0,0.008143649153882777
440,2024-01-23,1146.01,1162.47,1134.61,1159.94,113554458.0,1030898421.0,19405546950.0,0.005851649442944457
441,2024-01-24,1168.8,1182.73,1148.54,1181.46,175912316.0,1620099272.0,19405546950.0,0.009065053226958903
442,2024-01-25,1181.46,1208.05,1173.86,1202.99,216251395.0,2037648413.0,19405546950.0,0.011143792831873774
443,2024-01-26,1199.19,1224.52,1195.39,1218.19,227228706.0,2172799799.0,19405546950.0,0.011709471863146841
444,2024-01-29,1227.05,1251.11,1213.12,1228.32,237625184.0,2312173346.0,19405546950.0,0.012245219607170104
445,2024-01-30,1216.92,1228.32,1201.72,1202.99,157912214.0,1515156604.0,19405546950.0,0.008137478134827836
446,2024-01-31,1197.92,1210.59,1187.79,1197.92,135721747.0,1286857397.0,19405546950.0,0.006993966588506798
447,2024-02-01,1191.59,1200.46,1182.73,1191.59,105525987.0,993481907.0,19405546950.0,0.0054379290247214595
448,2024-02-02,1192.86,1199.19,1148.54,1173.86,163421431.0,1520605695.0,19405546950.0,0.008421377218641085
449,2024-02-05,1163.73,1194.13,1153.6,1187.79,180359190.0,1674566499.0,19405546950.0,0.009294208015095395
450,2024-02-06,1177.66,1225.78,1176.4,1225.78,199540954.0,1900324218.0,19405546950.0,0.010282676108750442
451,2024-02-07,1218.19,1224.52,1200.46,1216.92,206201497.0,1975435102.0,19405546950.0,0.01062590492972423
452,2024-02-08,1213.12,1224.52,1205.52,1224.52,165681384.0,1593505690.0,19405546950.0,0.008537836342716432
453,2024-02-19,1235.91,1242.25,1221.98,1242.25,160524265.0,1564088445.0,19405546950.0,0.00827208145246326
454,2024-02-20,1239.71,1246.04,1232.11,1243.51,112356398.0,1098987813.0,19405546950.0,0.005789911425299971
455,2024-02-21,1238.45,1367.61,1237.18,1367.61,505528460.0,5295259397.0,19405546950.0,0.02605071948255496
456,2024-02-22,1348.61,1381.54,1344.82,1380.27,492232512.0,5307736374.0,19405546950.0,0.02536555724341488
457,2024-02-23,1377.74,1423.33,1372.67,1373.94,356747950.0,3917316282.0,19405546950.0,0.018383813191104104
458,2024-02-26,1365.08,1377.74,1329.62,1333.42,286260888.0,3048205025.0,19405546950.0,0.014751498050406665
459,2024-02-27,1328.35,1342.28,1324.55,1329.62,198190492.0,2083027074.0,19405546950.0,0.010213084563432003
460,2024-02-28,1330.89,1354.95,1316.96,1328.35,308269265.0,3253340358.0,19405546950.0,0.015885626197204402
461,2024-02-29,1319.49,1341.02,1318.22,1341.02,184534423.0,1936020983.0,19405546950.0,0.009509364692243318
462,2024-03-01,1341.02,1342.28,1320.76,1328.35,182810290.0,1917689307.0,19405546950.0,0.009420517260916472
463,2024-03-04,1323.29,1329.62,1306.83,1308.09,165592954.0,1719562862.0,19405546950.0,0.008533279398239274
464,2024-03-05,1304.29,1325.82,1299.23,1320.76,181731907.0,1889144330.0,19405546950.0,0.009364946397452611
465,2024-03-06,1316.96,1323.29,1308.09,1308.09,134564016.0,1396940060.0,19405546950.0,0.006934306791079651
466,2024-03-07,1308.09,1347.35,1308.09,1314.42,201616589.0,2109589237.0,19405546950.0,0.010389637020769466
467,2024-03-08,1310.63,1322.02,1304.29,1314.42,111397428.0,1154491251.0,19405546950.0,0.005740494111659141
468,2024-03-11,1314.42,1325.82,1309.36,1325.82,121067298.0,1260212020.0,19405546950.0,0.006238798541053232
469,2024-03-12,1327.09,1341.02,1318.22,1337.22,164126237.0,1721999708.0,19405546950.0,0.008457697040072348
470,2024-03-13,1333.42,1335.95,1304.29,1308.09,176803911.0,1834654994.0,19405546950.0,0.009110998595172294
471,2024-03-14,1304.29,1314.42,1291.63,1295.43,140939973.0,1448499698.0,19405546950.0,0.007262870423757883
472,2024-03-15,1335.95,1361.28,1329.62,1342.28,375020789.0,3973799131.0,19405546950.0,0.019325442872920415
473,2024-03-18,1337.22,1343.55,1328.35,1334.69,167139651.0,1761249150.0,19405546950.0,0.008612983258377059
474,2024-03-19,1333.42,1334.69,1315.69,1316.96,129321558.0,1351069630.0,19405546950.0,0.006664154240702811
475,2024-03-20,1314.42,1325.82,1313.16,1323.29,87266316.0,910278573.0,19405546950.0,0.0044969779117717676
476,2024-03-21,1323.29,1332.15,1319.49,1325.82,86446625.0,905422294.0,19405546950.0,0.00445473787586286
477,2024-03-22,1323.29,1323.29,1305.56,1311.89,102814174.0,1065535606.0,19405546950.0,0.005298184805865521
478,2024-03-25,1310.63,1328.35,1306.83,1316.96,95320221.0,993304120.0,19405546950.0,0.004912008986172894
479,2024-03-26,1323.29,1349.88,1319.49,1342.28,174002146.0,1835376191.0,19405546950.0,0.008966619000656408
480,2024-03-27,1337.22,1346.08,1330.89,1333.42,127413599.0,1347397150.0,19405546950.0,0.006565833950895159
481,2024-03-28,1330.89,1338.48,1314.42,1328.35,130218892.0,1362980388.0,19405546950.0,0.006710395349098883
482,2024-03-29,1323.29,1338.48,1320.76,1332.15,87275898.0,917332316.0,19405546950.0,0.004497471688114413
483,2024-04-01,1332.15,1348.61,1330.89,1347.35,119108796.0,1261770380.0,19405546950.0,0.006137873686678025
484,2024-04-02,1346.08,1352.41,1333.42,1335.95,108545826.0,1149700800.0,19405546950.0,0.005593546333925929
485,2024-04-03,1333.42,1335.95,1319.49,1324.55,98184585.0,1028648883.0,19405546950.0,0.0050596144109197605
486,2024-04-08,1319.49,1328.35,1313.16,1320.76,90636052.0,945290441.0,19405546950.0,0.004670625993358049
487,2024-04-09,1320.76,1325.82,1311.89,1316.96,85715673.0,891468991.0,19405546950.0,0.004417070707713291
488,2024-04-10,1314.42,1318.22,1300.5,1301.76,124639082.0,1288696196.0,19405546950.0,0.006422858490984198
489,2024-04-11,1296.7,1303.03,1281.5,1297.96,101021340.0,1030820137.0,19405546950.0,0.005205797098133325
490,2024-04-12,1294.16,1300.5,1271.37,1273.9,130545371.0,1322011754.0,19405546950.0,0.006727219353124185
491,2024-04-15,1275.17,1306.83,1273.9,1303.03,145320260.0,1486326196.0,19405546950.0,0.007488593873413086
492,2024-04-16,1301.76,1315.69,1294.16,1301.76,147803643.0,1523138499.0,19405546950.0,0.007616566715734853
493,2024-04-17,1299.23,1346.08,1292.9,1344.82,223264057.0,2337576587.0,19405546950.0,0.01150516692857245
494,2024-04-18,1339.75,1396.73,1337.22,1367.61,316591426.0,3427338982.0,19405546950.0,0.01631448094793329
495,2024-04-19,1356.21,1370.14,1349.88,1353.68,145767502.0,1562376147.0,19405546950.0,0.007511640994999113
496,2024-04-22,1347.35,1368.88,1323.29,1329.62,200981837.0,2125722741.0,19405546950.0,0.010356927198076219
497,2024-04-23,1330.89,1348.61,1324.55,1334.69,124002700.0,1308866093.0,19405546950.0,0.006390064671689143
498,2024-04-24,1332.15,1338.48,1324.55,1333.42,94156774.0,989093538.0,19405546950.0,0.00485205463379119
499,2024-04-25,1329.62,1344.82,1327.09,1343.55,111381224.0,1176304525.0,19405546950.0,0.005739659092680199
500,2024-04-26,1341.02,1351.15,1327.09,1342.28,160762751.0,1698581437.0,19405546950.0,0.008284371031345756
501,2024-04-29,1337.22,1380.27,1332.15,1368.88,216917737.0,2337350884.0,19405546950.0,0.01117813053962903
502,2024-04-30,1367.61,1377.74,1358.75,1366.34,132455653.0,1431407709.0,19405546950.0,0.006825659350972326
503,2024-05-06,1387.87,1406.86,1372.67,1379.01,178410057.0,1953817493.0,19405546950.0,0.009193765960819774
504,2024-05-07,1376.47,1379.01,1362.54,1377.74,108705665.0,1176786413.0,19405546950.0,0.005601783102537081
505,2024-05-08,1372.67,1377.74,1356.21,1358.75,122179127.0,1318612000.0,19405546950.0,0.006296092932335515
506,2024-05-09,1356.21,1370.14,1356.21,1362.54,106946063.0,1150726858.0,19405546950.0,0.005511107894848591
507,2024-05-10,1363.81,1387.87,1362.54,1385.34,176783561.0,1923452177.0,19405546950.0,0.00910994992594115
508,2024-05-13,1380.27,1394.2,1368.88,1389.14,140249860.0,1530058920.0,19405546950.0,0.007227307756971004
509,2024-05-14,1392.94,1400.53,1377.74,1381.54,107578391.0,1176577328.0,19405546950.0,0.005543692804803938
510,2024-05-15,1380.27,1382.8,1368.88,1371.41,86829660.0,942907951.0,19405546950.0,0.004474476304312566
511,2024-05-16,1373.94,1419.53,1371.41,1414.46,307629165.0,3410151917.0,19405546950.0,0.015852640783206577
512,2024-05-17,1415.73,1446.12,1409.4,1446.12,284174885.0,3200736554.0,19405546950.0,0.01464400285816216
513,2024-05-20,1447.39,1460.05,1432.19,1441.05,217021030.0,2475290152.0,19405546950.0,0.011183453399132355
514,2024-05-21,1433.46,1471.45,1432.19,1462.58,203004941.0,2336192875.0,19405546950.0,0.010461181100592477
515,2024-05-22,1463.85,1486.64,1451.19,1463.85,211553138.0,2458448970.0,19405546950.0,0.010901683861067364
516,2024-05-23,1460.05,1467.65,1439.79,1443.59,184162290.0,2110799282.0,19405546950.0,0.009490188061924223
517,2024-05-24,1439.79,1454.98,1430.92,1432.19,139827584.0,1593330336.0,19405546950.0,0.007205547174747373
518,2024-05-27,1432.19,1460.05,1432.19,1457.52,145436143.0,1663272118.0,19405546950.0,0.007494565516484966
519,2024-05-28,1456.25,1466.38,1438.52,1443.59,120432285.0,1377107204.0,19405546950.0,0.006206075268597363
520,2024-05-29,1441.05,1449.92,1422.06,1425.86,144481111.0,1635445613.0,19405546950.0,0.007445351134511568
521,2024-05-30,1423.33,1435.99,1400.53,1408.13,132549635.0,1481608711.0,19405546950.0,0.0068305023992122
522,2024-05-31,1410.66,1417.0,1406.86,1406.86,82670676.0,921248146.0,19405546950.0,0.004260156965068176
523,2024-06-03,1408.13,1409.4,1381.54,1390.4,132669675.0,1456086024.0,19405546950.0,0.006836688259384516
524,2024-06-04,1386.6,1399.27,1381.54,1395.47,98100495.0,1079356561.0,19405546950.0,0.005055281113836372
525,2024-06-05,1398.0,1401.8,1376.47,1376.47,101896775.0,1114155999.0,19405546950.0,0.005250909714760707
526,2024-06-06,1380.27,1390.4,1377.74,1380.27,104933153.0,1145989426.0,19405546950.0,0.005407379306049397
527,2024-06-07,1382.8,1394.2,1379.01,1391.67,117012604.0,1281662986.0,19405546950.0,0.006029853438374743
528,2024-06-11,1390.4,1395.47,1366.34,1376.47,133762854.0,1452841957.0,19405546950.0,0.006893021585253489
529,2024-06-12,1373.94,1381.54,1365.08,1377.74,95742635.0,1037927497.0,19405546950.0,0.004933776679765267
530,2024-06-13,1379.01,1384.07,1367.61,1367.61,120350779.0,1304403407.0,19405546950.0,0.006201875129317084
531,2024-06-14,1376.97,1387.82,1355.26,1381.04,163799047.0,1657433955.0,19405546950.0,0.008440836397038529
532,2024-06-17,1374.26,1378.33,1367.47,1370.19,68121702.0,688669914.0,19405546950.0,0.0035104242191947082
533,2024-06-18,1371.54,1378.33,1362.05,1367.47,70065308.0,707829472.0,19405546950.0,0.003610581457999049
534,2024-06-19,1370.19,1385.11,1367.47,1376.97,79618418.0,807676192.0,19405546950.0,0.00410286905105759
535,2024-06-20,1378.33,1379.68,1363.4,1363.4,62962757.0,635070262.0,19405546950.0,0.003244575232134851
536,2024-06-21,1363.4,1368.83,1349.84,1356.62,83054528.0,831176895.0,19405546950.0,0.004279937494882102
537,2024-06-24,1352.55,1366.12,1340.34,1353.91,94708154.0,944907466.0,19405546950.0,0.004880468159131171
538,2024-06-25,1355.26,1374.26,1353.91,1367.47,76999281.0,775332072.0,19405546950.0,0.003967900580096765
539,2024-06-26,1364.76,1374.26,1359.33,1367.47,62859871.0,633763882.0,19405546950.0,0.00323927334601615
540,2024-06-27,1364.76,1385.11,1356.62,1374.26,92888197.0,938954398.0,19405546950.0,0.0047866827582512435
541,2024-06-28,1370.19,1391.89,1368.83,1376.97,91808992.0,933947813.0,19405546950.0,0.004731069535764876
542,2024-07-01,1368.83,1404.1,1362.05,1404.1,134305149.0,1372549620.0,19405617528.0,0.006920941774010213
543,2024-07-02,1397.32,1421.74,1394.61,1410.89,138438570.0,1440864391.0,19405617528.0,0.007133943034806782
544,2024-07-03,1410.89,1414.96,1395.96,1398.68,71306746.0,737326421.0,19405617528.0,0.00367454145157261
545,2024-07-04,1397.32,1408.17,1390.54,1391.89,73504424.0,757464387.0,19405617528.0,0.0037877910297851565
546,2024-07-05,1391.89,1395.96,1345.77,1352.55,171335386.0,1721256576.0,19405617528.0,0.008829164325885708
547,2024-07-08,1348.48,1359.33,1336.27,1347.12,86865962.0,864791776.0,19405617528.0,0.004476330726124161
548,2024-07-09,1348.48,1370.19,1344.41,1366.12,103248530.0,1034316511.0,19405617528.0,0.00532054853967026
549,2024-07-10,1366.12,1383.75,1363.4,1375.61,87386511.0,886626727.0,19405617528.0,0.004503155381368908
550,2024-07-11,1385.11,1387.82,1366.12,1374.26,72139225.0,731789332.0,19405617528.0,0.0037174403182950334
551,2024-07-12,1372.9,1398.68,1372.9,1398.68,121416369.0,1246877666.0,19405617528.0,0.006256763992426966
552,2024-07-15,1398.68,1404.1,1391.89,1401.39,86941247.0,896975833.0,19405617528.0,0.004480210272852905
553,2024-07-16,1401.39,1406.82,1389.18,1397.32,94300811.0,971564895.0,19405617528.0,0.004859459425289359
554,2024-07-17,1397.32,1413.6,1394.61,1410.89,122016835.0,1266412580.0,19405617528.0,0.006287706888170099
555,2024-07-18,1408.17,1414.96,1397.32,1412.24,108706102.0,1127365071.0,19405617528.0,0.005601785248171052
556,2024-07-19,1408.17,1413.6,1395.96,1406.82,89872324.0,929722662.0,19405617528.0,0.004631252979727387
557,2024-07-22,1405.46,1408.17,1382.4,1387.82,99448087.0,1018663806.0,19405617528.0,0.005124706124734667
558,2024-07-23,1390.54,1401.39,1378.33,1381.04,102015363.0,1046994471.0,19405617528.0,0.005257001631244353
559,2024-07-24,1381.04,1389.18,1372.9,1374.26,72451757.0,736332832.0,19405617528.0,0.0037335455517177292
560,2024-07-25,1372.9,1376.97,1356.62,1368.83,85640443.0,861750366.0,19405617528.0,0.004413177930381809
561,2024-07-26,1370.19,1372.9,1352.55,1360.69,92955195.0,931879546.0,19405617528.0,0.004790117854578794
562,2024-07-29,1359.33,1375.61,1352.55,1371.54,78155243.0,788019059.0,19405617528.0,0.004027454570164092
563,2024-07-30,1370.19,1374.26,1360.69,1367.47,61326795.0,618056610.0,19405617528.0,0.0031602599047163907
564,2024-07-31,1367.47,1394.61,1366.12,1393.25,109690634.0,1117768675.0,19405617528.0,0.005652519629521166
565,2024-08-01,1390.54,1400.03,1379.68,1393.25,73388377.0,752688220.0,19405617528.0,0.0037818109572709704
566,2024-08-02,1386.47,1390.54,1374.26,1375.61,59022876.0,601173371.0,19405617528.0,0.0030415355715857537
567,2024-08-05,1371.54,1386.47,1363.4,1363.4,75897852.0,768980625.0,19405617528.0,0.003911127893275667
568,2024-08-06,1366.12,1372.9,1341.7,1347.12,126553691.0,1261997757.0,19405617528.0,0.006521497747618598
569,2024-08-07,1349.84,1353.91,1344.41,1347.12,51760842.0,514848813.0,19405617528.0,0.0026673122834310866
570,2024-08-08,1345.77,1353.91,1343.05,1348.48,50041067.0,497548149.0,19405617528.0,0.0025786897493881187
571,2024-08-09,1351.19,1370.19,1348.48,1362.05,73027396.0,732886456.0,19405617528.0,0.0037632090756519417
572,2024-08-12,1359.33,1363.4,1353.91,1357.98,35301346.0,353251351.0,19405617528.0,0.0018191302569508213
573,2024-08-13,1359.33,1360.69,1345.77,1349.84,62207720.0,620061492.0,19405617528.0,0.0032056552650407363
574,2024-08-14,1348.48,1353.91,1344.41,1345.77,43638038.0,433380447.0,19405617528.0,0.0022487322517325456
575,2024-08-15,1345.77,1364.76,1338.98,1360.69,77624747.0,775851461.0,19405617528.0,0.004000117331385961
576,2024-08-16,1367.47,1385.11,1363.4,1374.26,126036761.0,1277042001.0,19405617528.0,0.006494859584764254
577,2024-08-19,1374.26,1397.32,1372.9,1395.96,148298526.0,1520594688.0,19405617528.0,0.007642041062904742
578,2024-08-20,1400.03,1414.96,1394.61,1402.75,156918665.0,1623147686.0,19405617528.0,0.008086249498300429
579,2024-08-21,1397.32,1408.17,1385.11,1404.1,103488781.0,1068207868.0,19405617528.0,0.005332929026900483
580,2024-08-22,1402.75,1417.67,1400.03,1408.17,110903039.0,1153871816.0,19405617528.0,0.005714996641564232
581,2024-08-23,1409.53,1424.45,1400.03,1420.38,107190571.0,1117475768.0,19405617528.0,0.0055236877077133335
582,2024-08-26,1424.45,1431.23,1413.6,1423.1,74067524.0,775921849.0,19405617528.0,0.0038168084006154077
583,2024-08-27,1420.38,1427.16,1406.82,1414.96,72313658.0,755583764.0,19405617528.0,0.0037264291072242346
584,2024-08-28,1412.24,1414.96,1394.61,1401.39,94254754.0,973872155.0,19405617528.0,0.004857086040369578
585,2024-08-29,1398.68,1408.17,1371.54,1374.26,119767631.0,1221351092.0,19405617528.0,0.006171802099427629
586,2024-08-30,1371.54,1391.89,1371.54,1378.33,129405908.0,1318858688.0,19405617528.0,0.006668476682758622
587,2024-09-02,1372.9,1385.11,1368.83,1371.54,96883550.0,983898751.0,19405617528.0,0.004992551762921667
588,2024-09-03,1371.54,1374.26,1356.62,1367.47,91658122.0,920884663.0,19405617528.0,0.0047232777760227536
589,2024-09-04,1363.4,1376.97,1356.62,1359.33,84799233.0,852224670.0,19405617528.0,0.00436982914239368
590,2024-09-05,1360.69,1367.47,1353.91,1366.12,59420876.0,595845843.0,19405617528.0,0.003062045096697528
591,2024-09-06,1364.76,1385.11,1363.4,1367.47,87886543.0,891507834.0,19405617528.0,0.004528922765440995
592,2024-09-09,1363.4,1366.12,1334.91,1336.27,163917451.0,1624857668.0,19405617528.0,0.00844690723000629
593,2024-09-10,1337.63,1345.77,1326.78,1343.05,76790114.0,756124764.0,19405617528.0,0.0039571074658768775
594,2024-09-11,1340.34,1340.34,1306.43,1309.14,110872704.0,1078602468.0,19405617528.0,0.005713433434417836
595,2024-09-12,1309.14,1325.42,1303.71,1321.35,58183405.0,564923216.0,19405617528.0,0.0029982763968241805
596,2024-09-13,1319.99,1332.2,1315.92,1315.92,56646190.0,553269704.0,19405617528.0,0.0029190614479681605
597,2024-09-18,1318.64,1326.78,1310.5,1325.42,44361099.0,431665627.0,19405617528.0,0.002285992648056276
598,2024-09-19,1328.13,1334.91,1313.21,1330.84,68429311.0,669341182.0,19405617528.0,0.0035262629958188467
599,2024-09-20,1330.84,1343.05,1326.78,1343.05,79729714.0,785121199.0,19405617528.0,0.0041085893754712775
600,2024-09-23,1341.7,1368.83,1338.98,1362.05,89690755.0,897428030.0,19405617528.0,0.004621896462227337
601,2024-09-24,1371.54,1406.82,1367.47,1406.82,163821319.0,1678174482.0,19405617528.0,0.008441953406719745
602,2024-09-25,1427.16,1451.58,1417.67,1424.45,216069398.0,2285995369.0,19405617528.0,0.011134373729062605
603,2024-09-26,1424.45,1512.63,1424.45,1512.63,308645720.0,3341759456.0,19405617528.0,0.015904967700958804
604,2024-09-27,1539.76,1568.25,1496.35,1549.26,384001637.0,4337985143.0,19405617528.0,0.01978816888696952
605,2024-09-30,1576.39,1668.64,1568.25,1656.43,543028364.0,6467438838.0,19405617528.0,0.027983049919255317
606,2024-10-08,1821.94,1821.94,1674.07,1747.33,588897778.0,7602664024.0,19405617528.0,0.030346768256680853
607,2024-10-09,1713.41,1713.41,1581.82,1584.53,426934506.0,5172049702.0,19405617528.0,0.022000562743441907
608,2024-10-10,1610.31,1699.0,1607.54,1660.2,342642168.0,4095573501.0,19405617528.0,0.017656854645599816
609,2024-10-11,1662.97,1686.53,1604.77,1624.17,207089057.0,2455848197.0,19405617528.0,0.01067160355506312
610,2024-10-14,1660.2,1687.91,1633.87,1665.74,240059509.0,2881934272.0,19405617528.0,0.012370619417476546
611,2024-10-15,1654.65,1694.84,1646.34,1649.11,207284077.0,2500974427.0,19405617528.0,0.010681653222367889
612,2024-10-16,1635.25,1687.91,1631.1,1671.28,191449353.0,2301340929.0,19405617528.0,0.009865666615543738
613,2024-10-17,1672.67,1694.84,1653.27,1656.04,165370809.0,1993261646.0,19405617528.0,0.008521800904371612
614,2024-10-18,1650.5,1687.91,1618.62,1668.51,260465416.0,3105820973.0,19405617528.0,0.013422165804524353
615,2024-10-21,1654.65,1654.65,1611.69,1636.64,280665467.0,3302020181.0,19405617528.0,0.01446310412925706
616,2024-10-22,1629.71,1653.27,1624.17,1633.87,161778713.0,1908438725.0,19405617528.0,0.008336694916643211
617,2024-10-23,1638.03,1647.73,1628.32,1643.57,151186604.0,1787236762.0,19405617528.0,0.007790867968095099
618,2024-10-24,1636.64,1643.57,1624.17,1628.32,88529942.0,1042818619.0,19405617528.0,0.004562078061791222
619,2024-10-25,1631.1,1632.48,1620.01,1622.78,110575468.0,1296844369.0,19405617528.0,0.00569811642636225
620,2024-10-28,1618.62,1618.62,1597.84,1613.08,116948698.0,1356008963.0,19405617528.0,0.006026538337739416
621,2024-10-29,1610.31,1626.94,1597.84,1599.22,119802482.0,1391150259.0,19405617528.0,0.006173598022693133
622,2024-10-30,1593.68,1604.77,1561.81,1568.73,148240279.0,1686501658.0,19405617528.0,0.007639039509364075
623,2024-10-31,1570.12,1585.36,1557.65,1577.05,125020539.0,1419624319.0,19405617528.0,0.006442492171125718
624,2024-11-01,1577.05,1600.61,1571.51,1583.98,158981111.0,1821423447.0,19405617528.0,0.008192530372744344
625,2024-11-04,1583.98,1588.14,1560.42,1588.14,113151611.0,1285874126.0,19405617528.0,0.0058308688624175795
626,2024-11-05,1582.59,1615.85,1578.44,1614.47,166541840.0,1925260700.0,19405617528.0,0.008582145853369517
627,2024-11-06,1610.31,1613.08,1589.52,1600.61,146228636.0,1689977501.0,19405617528.0,0.007535376588197178
628,2024-11-07,1593.68,1653.27,1590.91,1650.5,224284379.0,2627007561.0,19405617528.0,0.011557703777083326
629,2024-11-08,1654.65,1664.36,1621.4,1624.17,189510415.0,2239060534.0,19405617528.0,0.00976575028991265
630,2024-11-11,1611.69,1618.62,1589.52,1607.54,148695164.0,1717961562.0,19405617528.0,0.007662480402154198
631,2024-11-12,1604.77,1640.8,1595.07,1599.22,171766255.0,2005791408.0,19405617528.0,0.008851367638889189
632,2024-11-13,1593.68,1621.4,1590.91,1608.92,108626328.0,1260161857.0,19405617528.0,0.005597674376672895
633,2024-11-14,1606.15,1621.4,1597.84,1599.22,115978311.0,1348378229.0,19405617528.0,0.005976532869034293
634,2024-11-15,1593.68,1608.92,1582.59,1585.36,121578351.0,1399308729.0,19405617528.0,0.006265111163021578
635,2024-11-18,1611.69,1668.51,1610.31,1628.32,379732445.0,4493249093.0,19405617528.0,0.01956817114694192
636,2024-11-19,1628.32,1657.43,1600.61,1618.62,243003665.0,2849661696.0,19405617528.0,0.012522336104448858
637,2024-11-20,1617.24,1628.32,1608.92,1613.08,128657248.0,1498818034.0,19405617528.0,0.006629897132331032
638,2024-11-21,1610.31,1614.47,1601.99,1606.15,88340806.0,1023998432.0,19405617528.0,0.004552331605656698
639,2024-11-22,1606.15,1608.92,1563.19,1563.19,162531744.0,1858071592.0,19405617528.0,0.00837549971112674
640,2024-11-25,1563.19,1571.51,1543.79,1549.33,116602032.0,1310130629.0,19405617528.0,0.0060086741291153
641,2024-11-26,1549.33,1567.35,1543.79,1561.81,83107820.0,933733855.0,19405617528.0,0.004282668143906541
642,2024-11-27,1557.65,1578.44,1545.18,1578.44,89517805.0,1010001964.0,19405617528.0,0.004612984094468339
643,2024-11-28,1578.44,1582.59,1568.73,1571.51,73316854.0,833121339.0,19405617528.0,0.0037781252719328562
644,2024-11-29,1575.66,1588.14,1571.51,1577.05,102848758.0,1173316154.0,19405617528.0,0.005299947700793416
645,2024-12-02,1578.44,1579.82,1567.35,1578.44,97543366.0,1108785597.0,19405617528.0,0.0050265530514170195
646,2024-12-03,1575.66,1593.68,1572.89,1592.29,108255936.0,1236992678.0,19405617528.0,0.005578587532388472
647,2024-12-04,1585.36,1597.84,1575.66,1588.14,100747059.0,1154623370.0,19405617528.0,0.005191644061552484
648,2024-12-05,1585.36,1593.68,1581.21,1585.36,68710883.0,786137964.0,19405617528.0,0.003540772814926315
649,2024-12-06,1585.36,1621.4,1583.98,1615.85,172626927.0,2004270466.0,19405617528.0,0.008895719332348988
650,2024-12-09,1611.69,1624.17,1606.15,1617.24,96406316.0,1123441855.0,19405617528.0,0.004967959193305606
651,2024-12-10,1649.11,1656.04,1628.32,1633.87,216780724.0,2564600677.0,19405617528.0,0.011171029403584358
652,2024-12-11,1633.87,1639.41,1624.17,1625.55,96769145.0,1138374175.0,19405617528.0,0.004986656305081435
653,2024-12-12,1625.55,1644.95,1622.78,1642.18,98623459.0,1164062448.0,19405617528.0,0.005082211831584234
654,2024-12-13,1633.87,1635.25,1601.99,1601.99,134379289.0,1565589089.0,19405617528.0,0.006924762317205658
655,2024-12-16,1601.99,1615.85,1597.84,1603.38,80571778.0,934226189.0,19405617528.0,0.004151982171334898
656,2024-12-17,1603.38,1614.47,1596.45,1597.84,80211995.0,929225455.0,19405617528.0,0.004133442024417086
657,2024-12-18,1604.77,1626.94,1603.38,1614.47,101658966.0,1186285805.0,19405617528.0,0.0052386359698844
658,2024-12-19,1606.15,1613.08,1599.22,1606.15,69737904.0,808465664.0,19405617528.0,0.003593696716910786
659,2024-12-20,1606.15,1621.4,1604.77,1610.31,71464627.0,831437460.0,19405617528.0,0.0036826772916082177
660,2024-12-23,1613.08,1640.8,1613.08,1625.55,165940476.0,1953519499.0,19405617528.0,0.008551156682366208
661,2024-12-24,1624.17,1644.95,1624.17,1643.57,135083691.0,1595698790.0,19405617528.0,0.00696106118782823
662,2024-12-25,1643.57,1665.74,1640.8,1651.88,147528294.0,1759956630.0,19405617528.0,0.007602349875603505
663,2024-12-26,1651.88,1653.27,1632.48,1643.57,100007470.0,1183745519.0,19405617528.0,0.0051535319530904445
664,2024-12-27,1644.95,1649.11,1615.85,1639.41,129001228.0,1518383345.0,19405617528.0,0.0066476229274263785
665,2024-12-30,1632.48,1658.81,1632.48,1656.04,135184636.0,1610892096.0,19405617528.0,0.006966263032080511
666,2024-12-31,1653.27,1661.58,1621.4,1621.4,147536733.0,1747242074.0,19405571850.0,0.007602802645571096
667,2025-01-02,1625.55,1631.1,1578.44,1583.98,181959699.0,2102923078.0,19405571850.0,0.009376672865221439
668,2025-01-03,1585.36,1599.22,1574.28,1577.05,115468044.0,1320520978.0,19405571850.0,0.005950252066392983
669,2025-01-06,1577.05,1590.91,1554.88,1585.36,108553630.0,1234305778.0,19405571850.0,0.005593941309181259
670,2025-01-07,1582.59,1597.84,1575.66,1595.07,74786288.0,858329049.0,19405571850.0,0.003853856437629278
671,2025-01-08,1593.68,1611.69,1579.82,1593.68,106238601.0,1223598997.0,19405571850.0,0.005474644180609395
672,2025-01-09,1593.68,1593.68,1572.89,1579.82,75148330.0,857836086.0,19405571850.0,0.0038725130380530375
673,2025-01-10,1579.82,1588.14,1563.19,1565.96,79813351.0,905005041.0,19405571850.0,0.004112908994227862
674,2025-01-13,1559.03,1560.42,1535.48,1552.11,93496618.0,1044904416.0,19405571850.0,0.004818029518671463
675,2025-01-14,1552.11,1579.82,1550.72,1577.05,82462895.0,934467766.0,19405571850.0,0.004249444213106248
676,2025-01-15,1577.05,1604.77,1574.28,1590.91,103163082.0,1185403653.0,19405571850.0,0.005316157792072487
677,2025-01-16,1600.61,1606.15,1589.52,1603.38,87296399.0,1007689274.0,19405571850.0,0.004498522366399627
678,2025-01-17,1597.84,1600.61,1582.59,1586.75,68976486.0,791230419.0,19405571850.0,0.0035544680946879696
679,2025-01-20,1593.68,1596.45,1579.82,1582.59,83202913.0,953092179.0,19405571850.0,0.004287578518331579
680,2025-01-21,1586.75,1586.75,1568.73,1570.12,90206894.0,1024879174.0,19405571850.0,0.00464850480559273
681,2025-01-22,1568.73,1570.12,1535.48,1536.86,134712922.0,1504818607.0,19405571850.0,0.006941971256569798
682,2025-01-23,1547.95,1579.82,1547.95,1568.73,151492027.0,1715172472.0,19405571850.0,0.007806625239956533
683,2025-01-24,1568.73,1578.44,1554.88,1571.51,94494421.0,1069899088.0,19405571850.0,0.00486944789519305
684,2025-01-27,1577.05,1600.61,1577.05,1589.52,115193471.0,1324270607.0,19405571850.0,0.005936102882739836
685,2025-02-05,1593.68,1596.45,1570.12,1575.66,84343370.0,961193579.0,19405571850.0,0.004346348082496729
686,2025-02-06,1572.89,1586.75,1565.96,1574.28,95560325.0,1084793176.0,19405571850.0,0.004924375624622472
687,2025-02-07,1574.28,1586.75,1567.35,1577.05,140749262.0,1601621980.0,19405571850.0,0.007253033463170012
688,2025-02-10,1577.05,1593.68,1574.28,1583.98,102659093.0,1174044624.0,19405571850.0,0.005290186436840304
689,2025-02-11,1579.82,1589.52,1575.66,1582.59,84452003.0,963865615.0,19405571850.0,0.004351946113868322
690,2025-02-12,1581.21,1583.98,1571.51,1582.59,98880683.0,1125323633.0,19405571850.0,0.005095478956473009
691,2025-02-13,1582.59,1600.61,1579.82,1593.68,135863927.0,1560709511.0,19405571850.0,0.00700128437596133
692,2025-02-14,1592.29,1600.61,1583.98,1600.61,97305774.0,1118355997.0,19405571850.0,0.005014321389348802
693,2025-02-17,1607.54,1635.25,1600.61,1632.48,206196542.0,2413146067.0,19405571850.0,0.0106256359562009
694,2025-02-18,1629.71,1657.43,1629.71,1636.64,199661049.0,2371071467.0,19405571850.0,0.010288851601144648
695,2025-02-19,1635.25,1636.64,1618.62,1622.78,117774895.0,1382467174.0,19405571850.0,0.00606912776961015
696,2025-02-20,1622.78,1629.71,1614.47,1615.85,78439627.0,917231443.0,19405571850.0,0.004042118810325087
697,2025-02-21,1620.01,1622.78,1600.61,1613.08,97396897.0,1131033824.0,19405571850.0,0.0050190171025544916
698,2025-02-24,1611.69,1620.01,1601.99,1606.15,94995617.0,1103548964.0,19405571850.0,0.004895275322690375
699,2025-02-25,1601.99,1604.77,1588.14,1589.52,91715602.0,1055685157.0,19405571850.0,0.004726250929832815
700,2025-02-26,1589.52,1607.54,1589.52,1596.45,84164552.0,970641211.0,19405571850.0,0.004337133306380765
701,2025-02-27,1597.84,1611.69,1588.14,1610.31,97730975.0,1130386662.0,19405571850.0,0.005036232673555559
702,2025-02-28,1604.77,1618.62,1593.68,1597.84,94908806.0,1100335054.0,19405571850.0,0.004890801813706922
703,2025-03-03,1596.45,1601.99,1586.75,1595.07,83045695.0,955266366.0,19405571850.0,0.004279476824590459
704,2025-03-04,1589.52,1600.61,1585.36,1595.07,68317873.0,785447989.0,19405571850.0,0.003520528718662831
705,2025-03-05,1596.45,1617.24,1590.91,1615.85,108064544.0,1254892074.0,19405571850.0,0.005568737929256128
706,2025-03-06,1620.01,1621.4,1607.54,1611.69,87740771.0,1021780609.0,19405571850.0,0.004521421562745651
707,2025-03-07,1611.69,1620.01,1607.54,1617.24,83553669.0,973236690.0,19405571850.0,0.0043056535332144825
708,2025-03-10,1615.85,1617.24,1600.61,1606.15,66383393.0,769261385.0,19405571850.0,0.003420841885677283
709,2025-03-11,1599.22,1608.92,1596.45,1608.92,60897527.0,704240464.0,19405571850.0,0.00313814648033678
710,2025-03-12,1607.54,1644.95,1601.99,1642.18,187731840.0,2210904482.0,19405571850.0,0.009674120476897979
711,2025-03-13,1636.64,1650.5,1632.48,1640.8,131237121.0,1555123174.0,19405571850.0,0.006762857699552925
712,2025-03-14,1638.03,1662.97,1638.03,1658.81,172241765.0,2057970454.0,19405571850.0,0.008875892260809619
713,2025-03-17,1611.69,1617.24,1588.14,1593.68,460361210.0,5315522817.0,19405571850.0,0.023723145782998403
714,2025-03-18,1596.45,1599.22,1590.91,1592.29,160529000.0,1846500421.0,19405571850.0,0.008272314840337983
715,2025-03-19,1590.91,1597.84,1588.14,1596.45,136245491.0,1566452161.0,19405571850.0,0.007020946976112946
716,2025-03-20,1595.07,1608.92,1592.29,1592.29,110115724.0,1268849140.0,19405571850.0,0.005674438498961318
717,2025-03-21,1592.29,1596.45,1578.44,1582.59,137638897.0,1576151833.0,19405571850.0,0.007092751404798205
718,2025-03-24,1581.21,1585.36,1571.51,1577.05,116457734.0,1325564002.0,19405571850.0,0.006001252367113314
719,2025-03-25,1577.05,1583.98,1574.28,1583.98,73560888.0,839142044.0,19405571850.0,0.0037907096254934636
720,2025-03-26,1582.59,1583.98,1575.66,1577.05,74086307.0,843536936.0,19405571850.0,0.0038177853027299476
721,2025-03-27,1575.66,1581.21,1572.89,1578.44,55334940.0,629863383.0,19405571850.0,0.0028514975197703333
722,2025-03-28,1578.44,1579.82,1571.51,1572.89,64494555.0,732420874.0,19405571850.0,0.0033235070575876897
723,2025-03-31,1574.28,1577.05,1560.42,1560.42,111612564.0,1262598263.0,19405571850.0,0.005751573046274336
724,2025-04-01,1561.81,1565.96,1554.88,1561.81,68147042.0,767424131.0,19405571850.0,0.003511725525367602
725,2025-04-02,1559.03,1581.21,1559.03,1575.66,93264176.0,1058747241.0,19405571850.0,0.004806051412496767
726,2025-04-03,1567.35,1578.44,1565.96,1571.51,64391391.0,730375808.0,19405571850.0,0.003318190852489616
727,2025-04-07,1524.39,1531.32,1452.33,1482.81,254556048.0,2751055412.0,19405571850.0,0.013117678261050576
728,2025-04-08,1480.04,1503.6,1477.27,1499.44,146398771.0,1576590040.0,19405571850.0,0.007544161652726559
729,2025-04-09,1486.97,1500.83,1477.27,1496.67,106439405.0,1145238958.0,19405571850.0,0.005484991930294494
730,2025-04-10,1504.99,1514.69,1499.44,1510.53,86654805.0,943352302.0,19405571850.0,0.004465460006529001
731,2025-04-11,1506.37,1510.53,1500.83,1509.14,58387902.0,634311780.0,19405571850.0,0.003008821510199402
732,2025-04-14,1517.46,1529.93,1513.3,1514.69,78599345.0,862557144.0,19405571850.0,0.004050349333044777
733,2025-04-15,1513.3,1520.23,1510.53,1517.46,72275410.0,790139077.0,19405571850.0,0.0037244668984078404
734,2025-04-16,1514.69,1525.77,1511.92,1524.39,84282217.0,923316063.0,19405571850.0,0.004343196771086136
735,2025-04-17,1517.46,1535.48,1514.69,1532.7,82391931.0,907597513.0,19405571850.0,0.004245787325252154
736,2025-04-18,1529.93,1550.72,1528.55,1549.33,72709815.0,810031605.0,19405571850.0,0.0037468524793821006
737,2025-04-21,1524.39,1542.4,1520.23,1527.16,111418418.0,1230804536.0,19405571850.0,0.0057415683939249645
738,2025-04-22,1527.16,1532.7,1521.62,1529.93,83112887.0,915967678.0,19405571850.0,0.0042829393352816865
739,2025-04-23,1529.93,1531.32,1520.23,1525.77,58638293.0,645842400.0,19405571850.0,0.0030217245569086385
740,2025-04-24,1524.39,1532.7,1523.0,1528.55,68925613.0,760348555.0,19405571850.0,0.0035518465280372554
741,2025-04-25,1529.93,1531.32,1523.0,1525.77,63754686.0,702315255.0,19405571850.0,0.003285380430569481
